6334.81,41.5636
11478.9,19169.5
5705.86,26962.7
9961.01,23281.5
4827.17,2995.36
3902,32391.4
17421.6,292.378
5447.66,19718.6
1869.61,14771.4
17035.3,25667.8
31322.9,28703.7
15141.2,17673.1
25547.8,28253.2
20037.4,32663
27529,8723.3
22190.1,12316.1
9040.27,288.919
27446.7,19264.7
24370.5,15890.2
24393.1,15006.9
24084.6,19629.4
4966.23,18756.4
16945,13931.8
5537.66,24626.3
22929.5,16118.1
4639.91,4833.95
13977.1,22704.3
5021.88,31673.7
6270.18,26924.6
5097.5,26777.5
9161.57,23986.4
23655.5,22355.8
27350,4031.37
13966.1,16941.7
18007.3,31107.9
27753.3,15457.4
32209.3,14945.3
6422.76,24221.6
16413.9,27506.4
18762.1,900.995
27624.6,17410.2
27595.1,21548.2
10291.9,3602.74
4596.73,9374.34
19668.7,27348.7
53.061,8281.14
6900.12,26418.9
3728.45,18127
17807.1,24648.7
22813.3,14310.2
18935.5,14309.2
16520,20600.2
6224.34,22798.9
14990,5845
3093.44,3195.63
29314.3,30523
13458.2,7448.77
14798.5,20580.6
28009.8,19589.6
18538.4,20472.7
18190.9,6038.74
19815.7,7958.19
16202.1,19156.4
20328.7,24272.6
18875.9,26362.1
23844,29869.6
10322.6,21882
3557.87,10021.2
5075.33,27892.7
21003.8,2600.08
13401.3,17861.4
5002.32,15255.5
27089,24182.3
9832.94,28617.7
25721.5,4169.07
2368.88,19977
3434.51,21425.3
30145.6,7441.29
16139.4,21718.1
16687.4,16279.8
19866.4,22549.5
3297.62,193.708
24488.5,28286.5
18114.4,12455.8
5786.37,31316.6
31185.6,4313.74
1832.64,912.33
28321.6,4313.85
481.126,23646.9
7129.07,23196.6
11173.3,5535.62
26292.8,12044.7
26154.9,17253.6
13186.3,4745.63
2168.43,4474.86
17958.2,18787.3
26477.1,10202.1
29334.8,9314.79
11833.9,24372.6
7518.25,7487.86
1763.08,17774
3102.26,17192.4
4802.13,29213.2
1543.06,30527.1
13061.4,11023.9
17505.8,31003.8
8492,22725.4
13064.2,17223
22413.9,19187.3
235.941,14270.9
18896.1,19711.8
140.418,7285.38
28019.1,2695.66
22658.8,26576.7
4678.69,17371.7
1018.87,23851.8
2800.55,21119.7
9010.15,31060.1
9576.92,32170.6
7164.16,12043.7
29565.1,7882.52
2625.78,29577.4
25423.9,5629.97
123.751,6902.46
10196,3737.4
6202.25,1264.25
29011.9,5030.62
21153.7,6411.78
30188.7,29790.5
18662.4,4940.64
18958.5,30900.5
11477,8365.4
2303.39,26058.2
6477.16,19357.1
19801.7,21113.5
12993.8,14460.7
31111.9,19405.2
6072.9,12836
20556.7,18823.4
8526.41,1626.29
23869.9,29337.7
29617.3,12896.4
11585.7,12717.6
24229.1,24423.7
22296.9,6559.27
3584.91,12053.5
21457.4,6654.52
2607.08,22532.1
10067.7,911.355
2223.68,4675.39
22741.6,23754.2
3221.55,21459.5
15206,1626.97
22279.7,23850.5
1637.81,12193.4
10176.8,5556.06
15881,6962.32
19855.8,14413.5
27611.9,13142.3
1752.56,20425
10040.3,28296.4
12818,875.613
28112.9,1017.46
20040.8,13169.7
19497.1,28685.6
19353.6,25990.5
22044.3,18651.8
11192.2,335.267
28503.1,25264.4
29292.2,23775.6
25562,17549.9
26130,6467.9
20601.2,27813.9
8213.73,20215.3
23392.5,25824.2
28027.1,2670.81
15498.8,10075.6
32604,6287.73
5706.07,21221.7
27489.6,9010.68
7619.64,12164.8
31818.3,7591.2
4975.05,750.769
21098.3,303.349
2971.55,13584.4
21545.9,22913.3
1769.47,17546.6
28289.5,8519.43
23245.8,2865.57
9601.86,28318.9
27152.8,21132.7
29901.5,28570.9
11600.8,14423.1
28.6575,14015.2
2943.39,25347.1
5049.14,22409.8
608.978,1588.35
29954.6,21221.1
7949.39,14146
748.826,21430.8
18036,4536.63
9853.78,15185.2
19923.1,11224.5
4944.46,32257.8
25411.6,23319
22549.3,20355.9
17964.7,18584.3
16143,8075.55
20426.4,21948.8
32404.2,26173.7
19375.9,20626.9
14736.9,16565.5
8256.2,30814.2
20482,23936.9
18230.5,21015
32637.1,14625.1
5662.66,19690.1
21416.4,10893.3
22233.2,14008.2
26303.4,16303.5
12317.1,148.339
29200.6,27109.7
24050.7,21318.5
11903.1,31361.5
14902.1,29643.8
1282.42,28489.8
5402.21,30674.1
3878.62,3831.59
23971.9,19008.7
26504.4,21945.3
6698.17,32685.8
19037.2,12722.2
12508.3,31461.2
1515.77,3959.2
58.4486,24937.9
15117.5,13971.8
18330.1,24555.2
28082.1,30212.9
24484.8,16085.6
25951.2,8380.91
17110.8,18115.1
23977.6,23073
26113.3,29956.9
1723.65,12941.5
24778.2,28.7686
21974,5071.06
26153.4,11333.7
9676.48,32168.6
3309.14,28650.1
10116.4,4686.92
26679.2,26667
8826.21,29421.3
28666.9,7516.85
1340.17,27681.6
14721.2,6021.36
17902.9,29309.6
32746,17124.7
4806.37,28423.8
31907.7,9318.17
21136.8,23481
4084.72,24114.8
29996.9,12290.6
14708,1054.77
5131.92,7491.42
24722.9,16439.2
25269.2,6995.03
27918.3,18238.8
28486.6,17660
12158.4,7462.81
13037.1,1146.56
6602.94,10647.9
29292.4,4098.85
18352.6,7278.63
28315.1,13882
22336.6,8762.29
25828.4,31418.6
4449.52,26816.7
24520.3,658.007
25162.1,29560.5
22362,20675
8714.82,16398.7
8638.84,21188.6
11521,15075.7
13234.4,15615.6
19557.9,905.289
12549.5,14161.9
28350.4,330.974
19737.5,22925.3
12393.2,18337
31591.6,30714.9
13337.3,19135.1
28664.3,16337.1
19281.2,25608.9
28652.3,9152.56
28396.2,9876.73
29174.6,6249.45
1941.62,943.995
3805.23,8419.17
1615.08,16217
16893.5,11064.3
19695.3,13509.9
31172.5,15589.4
26268.6,27358.8
30774.3,28510.3
4182.77,30910.7
874.042,15495.2
4460.01,14902.9
26122.8,6972.82
25605.9,21577.3
16343,27594.2
11672.7,2481.03
9762.18,13428.2
1908.53,24408.1
5204.9,11759.8
5945.82,4319.03
11367.5,8166.57
30556.9,21787.9
18283.8,3447.15
28583.8,29331.1
22018.5,12723.5
32182.7,9220.95
4324.2,19490.3
11643.2,19677.5
31068.7,15677.7
16828.2,32196.2
10697.5,29426.5
11408.2,18703.3
30238.7,9508.22
22501.3,26443.7
23650.9,25128.1
15869,11192
17713.6,27465.6
20972.7,18634.8
5177.42,24901.9
14364,25770
2237.24,16590.3
20169.1,32179.5
28182.3,12043
1670.99,7926.29
7213.3,5651.07
2742.26,25783.6
18434.2,4472.22
14867.8,20718.1
9257.69,10938.1
28458.1,28614.6
20807.6,26064
6365.98,19489.6
7833.26,7586.04
8928.9,13330.8
6766.05,12433.7
11837.7,19810.4
29352.3,31982.2
6608.28,31244.7
9535.22,11647.5
23243.8,3264.11
189.491,22015.8
9523.61,19812.9
29891.8,24474.9
25697.2,19854.3
12932,17780.7
899.687,3340.41
7492.19,8483.17
1560.48,28252.8
2785.57,1840.96
28791.4,31540.6
21578.8,13210.4
73.6163,30971.3
13827,1620.66
13578.3,19790.2
159.105,20418.8
10380.8,12924.3
6477.56,27967.3
14196.4,15371
19019.9,13722.4
31163.5,11056.4
25452.1,13716.6
2862.32,4954.21
10904.1,15460.6
9198.82,20136.1
7240.11,14388
241.576,17006.3
31758.4,25249.1
7296.3,29621.5
13579.8,15678.3
14007.7,27577.4
2678.75,24081.1
11784.5,27753.6
6172.34,3093.42
10168.2,29929.2
8922.21,11191.2
2144.5,5651.34
14629.9,31577.8
15469.7,5874.48
9091.3,8146.94
20640.8,26949.8
9487.95,236.261
23183.3,28162.5
3065.83,30180.5
12578.6,2513.28
4611.97,16878.4
29975.4,2445.01
3333.42,24750.2
27007.8,22214.5
28522.1,8896.5
7231.07,31810.5
6321.2,6705.2
24208.3,31351.6
30189.9,22276.8
3455.06,27666.3
29253.4,29614.1
10861.7,31348.4
14197.7,29082.4
17296.8,8752.48
15947.8,26021.7
11376.1,18318.3
12074.3,29859.8
1643.88,6922.32
4747.88,8153.4
6450.45,19926.8
20855.8,24961.4
31561.7,5716.32
1550.74,6473.86
2699.55,1181.13
7172.08,18643.5
13476.1,9981.06
16671.3,8247.82
3989.28,32372.9
9658.34,23165.5
16948.1,17206.8
3396.51,27171.6
15529.5,31020.7
11969.9,30109.5
16626.1,21617.1
25928.4,9168.55
15199.4,28118.7
12420.6,14486.6
27415.2,18271.5
1331.22,318.109
23186.4,8387.41
28074.8,4360.54
10268.1,7152.92
31311.5,19885
7768.89,12677
542.535,19413.2
7355.41,30038.7
13093.5,31647.1
20493.3,10987.3
29447.5,9501.53
15084.6,10753.7
3964.66,13525.9
3656.1,4872.25
16080.5,22593.8
20968.1,21411.4
28768.5,27216.4
23779.6,31531.4
27936.1,12259.8
7720.82,24365.4
18455.2,25680.3
13559.3,4071.76
7905.32,5602.54
22885.7,7375.66
10798,21080.1
5340.37,10508.3
7740.26,9058.96
19097.3,20474.8
23400,23335.3
4141.72,22955.6
28315.6,12481.5
22012.6,16225
25043,11455.6
24512.3,21.547
23717.3,26018.8
3335.39,17650.4
5303.69,3169.67
29105.8,21979.7
3652.27,18661.3
15987.2,24034
11420.5,26253.6
31063.2,32718.4
4769.93,20652.6
1594.66,15005.6
21323.2,24326.1
32588.8,7679.73
29221.9,29271.5
23955.2,20183.7
13262.6,24779.2
29033.1,23487.8
15993.5,12935.6
11001.6,24962.6
2669.1,11807.7
12998.1,32671
8838.45,13597.4
21028.9,7372.26
13490.2,28801.4
11197.7,31601.7
29301.7,19771.6
17421.7,7721.11
16741.5,18610
23015.2,31812.9
15279.6,3393.27
3823,1608.39
144.68,24245
24604.1,31339.7
21725,22225.6
28223.6,2330.91
4987.9,29130.6
5750.63,18805.3
28135.4,27338.7
23224.1,32209.7
31920.8,26737.7
6734.29,10293.1
8184.22,31056.8
6741.93,28382.4
12279.6,24684.4
24125.7,20667.9
32119.6,12737.6
20556.7,10737.4
8793.1,16060.7
14875.2,2136.14
8719.82,21184.9
3351.25,20476.9
23072.1,16290.7
31490.1,12189.5
17063.3,14893.1
24176.6,25903.8
32468.4,1695.19
29515.8,21083.7
15722.7,29993.5
24399.3,24828.4
26943.8,11891
2702.27,14243.2
10687.3,20502.8
18413.3,15891.8
13162.3,22817
19877.3,29126.6
26705.4,26260.8
32195.7,2663.63
18588.2,16360.2
32425.8,28245.3
13063.7,13189.3
9099.76,30502.9
30048.6,17227
9458.79,1570.26
11531.9,8456.29
10556.2,26819.2
30591.8,31495.2
7450.38,3388.58
29383.3,6272.79
23569.6,1775.75
3585.07,17954.4
10490.3,25333
10722.7,4750.53
30338.7,19611.6
2352.29,23258.6
32683.6,479.772
4422.52,10002.5
12361.5,6135.55
23188.6,22194.7
23941.1,4042.96
4380.97,7469.5
20061.8,14964.8
9463,20073.8
5154.11,28102.3
19149.1,31553
13049.4,2244.33
19552.9,24065.8
6747.23,18470.9
10498.2,5869.44
28053.4,27352.8
1563.79,14522.9
7240.67,9850.52
28580.5,9492.17
19178.2,27616.9
26799,14615.7
2883.05,31635.5
19420.6,18902.9
25841.4,19022.3
31717.1,28888.1
11749,13698.3
25619.5,10389.2
13028.6,2003.89
18630.6,14589.7
12295.8,19864.2
26610.8,29681.6
6459.63,31071.8
27037.7,16840.8
12993.9,22630.6
8290.6,32203.5
31151.6,22307.6
6640.88,8890.51
23661.7,5566.15
32652,18245.6
17209,19601.5
18058.3,27283.9
26787.1,175.933
12504.8,4287.85
530.075,2138.33
7540.57,12118
14398.1,24459.4
10481.9,27098.4
28596.6,19567.6
7670.63,7746.32
24917.5,21476.7
13758.5,16760.2
726.073,32255.9
10393.9,3034.39
16193.4,27273.6
3690.86,30137.5
32627.2,13694.8
3879.36,989.465
669.942,11149.9
25436.8,25598.8
1731.55,20123
9385.73,22861.1
16704.9,10816.3
28223.6,30953.9
10049,30792.7
19814.5,13930.9
1604.32,5427.72
506.157,16474.2
27809.5,17589.3
3818.29,11447
25089.1,17975
6840.38,30066.8
28641.9,14676.8
8187.61,17651.6
31250.6,21085.7
28128.8,4755.35
26424.1,24277.9
30885.4,3872.03
6478.33,6646.64
31260.2,24925.6
13855.1,20778.2
25134.8,12927.8
16334.6,22675.4
5974.23,2737.28
32080.3,20356
1825.57,32145.5
13037.2,13573.1
1717.27,9905.22
10946.6,19539.9
839.789,30231.7
3394.52,20829.1
675.667,19645.4
2480.34,32072.4
29608.6,26897.1
20134,23277.2
20169.6,9078.56
21138.6,27478.5
1677.66,31426.3
27700.2,6724.79
18448.8,28862.5
15137.3,684.733
2944.92,13993.6
24643.5,821.215
29857.7,10677
1623.21,8891.77
841.144,8072.55
14957.8,17615.4
5093.74,700.411
5227.36,11829.4
12274.6,16224.3
12170.2,22885.5
11909.5,32629.2
29400.7,6923.83
9412.48,14193.7
10677.4,5767.47
9834.33,704.451
27734.8,621.552
22087,20542.5
22597.7,15621.9
18108.4,24254.9
6366.28,12493.8
10819.4,2438.38
16339.1,2290.46
21478.8,25808.1
28074.8,13787.2
1988.23,10827.1
19002.5,16798.4
7056.56,30104.4
19761.2,29833.5
26385.3,20686.5
22162,18842.5
1187,4343.29
5934.62,13063.1
25012.9,656.908
18738.4,11959.5
8007.54,26124.2
14489.8,10951.7
17013.9,15441.1
7093.26,14855.6
13543.2,25403
15275.7,6266.84
5469.99,532.328
27892.1,32729.5
22570.4,17953.9
22494.3,19472.7
14262.7,28440.6
4360.17,28607.6
29947.4,11171.6
489.206,14523.6
26632.2,17887.9
8522.22,25739.6
24705.8,8160.54
31687.1,1259.77
22045.4,42.8642
3154.93,13388.8
26919.8,11833.8
25776.6,6738.65
13053.7,24314.5
9722.61,16469.7
26260.9,29007.5
18717.7,13793.9
16626.5,31376.8
14171.8,1334.63
18866.4,8964.58
13000.4,30664.7
25476.2,21100.2
3789.01,10943.5
11434.5,11385.3
14504.4,29561.8
12157,23888.6
4074.13,5123.2
25318.8,13837.1
3832.83,16292.5
31461.8,6461.52
17291.3,28498.5
2317.61,14179.7
5936.67,1595.04
27909.4,7028.96
26569.2,17981.4
5385.87,1883.77
28681.5,5230.52
3687.4,8310.06
32764.2,3477.95
26115.1,27671.1
1405,27312
22740.7,7171.63
25790.4,13675.7
21604.1,10998.5
8388.81,19631.9
18259.2,18718.8
21479.7,14609.9
16853.3,6300.65
30806.9,20830.8
26160.4,14854.7
146.129,12054.8
10559.7,10471.3
16366.4,29421.7
25330,26685.1
8982.68,22860.1
11979.1,32506.2
14469.9,7887.2
7266.57,17540.7
2317.8,13509.7
12258.1,32053.6
16466.7,17843.7
12937.2,18140.3
9551.08,2512.19
21292.6,21817.7
25296.7,27530
5809.88,32389.2
8182.87,31744.6
6292.46,6120.84
26807.4,14214.4
7011.58,8705.45
26203.9,6693.6
26946.9,17762.4
26624.7,1048.66
1127.45,7954.13
15127.8,28240.1
10142.5,23817.1
21476.1,28400.2
5831.65,10935.5
17922.1,3537.48
16211.4,28029.9
3293.65,26880.4
10443.9,20785.8
9270.23,10555.8
13640.3,9375.45
28834.4,18040.2
12796.3,1539.88
30731.7,7262.76
14248.9,24465
27182.2,20170.2
23332.6,13293.7
31004.6,32331
11738.6,15026.4
441.103,19623.4
3659.04,19695.2
1088.88,12628.2
18569,8613.76
27837.1,7679.84
1723.09,23115.7
11153.5,29448.9
4508.7,24395.8
7665.82,17411.4
24828.8,3202.54
18023.6,27705.3
31805.7,11715.6
21840,29479
10968.7,19285.8
348.558,16633.4
29910.3,18032.5
12306.3,8982.73
29527.2,17861
28233.1,8343.3
28942.5,29171.2
14512.8,7879.95
23234.3,530.432
5191.44,21926.2
32719.8,6188.92
30435.4,5224.58
8867.26,28094.1
32686.5,22005.3
22850.6,20540.6
32677.1,9578.88
15811.2,28042.2
21016.8,21143.7
28369,28804.6
1325.86,30335
24618.6,28023.7
21087,18396.3
31522.4,7846.83
26358.8,16280.7
3873.13,28870
31896.4,3413.11
4641.17,24450.5
16824.5,23525.9
12594.2,8695.78
4640.77,26067.7
12534.1,10041.6
32621.8,23000.1
7717.62,25293.2
10639.9,3943.55
19978.3,26925.7
26444.3,2850.7
12037,23623.7
16061.1,21346
26886.5,10238.5
11728,5299.67
19991.6,3751.06
17093.1,5717.79
6867.86,1421.7
1201.1,32444.9
1768.91,24942.2
11262.3,26641.5
9625.65,21244.9
10984.3,17584.6
5695.38,13149.5
1537.82,5032.42
1219.74,8363.14
31918.8,25917.7
31269.8,27252.1
424.707,12137.1
31993.3,20027.9
893.637,29271.8
484.09,1014.58
1293.88,11495.8
11299.5,6798.06
1549.42,8493.89
24069.9,9314.62
15238.6,26865.5
6508.77,13252.2
6231.97,23088.4
12368.2,10106.6
9647.15,15258.1
17723,18238.7
11156.9,18706.3
7118.96,12351.2
10591.4,2097.36
14651.8,4510.79
7741.34,27844.8
21705.7,14578.2
8624.53,19785.3
6227.02,28356.7
19468.4,10102.4
12489.3,8979.65
28410.5,13490.9
11950.7,27089.8
7672.79,20122.4
13976.3,18277.2
1751.93,9086
435.509,19751.9
6716.77,15072.5
11838.8,1511.98
1056.39,18939.4
24588.4,12902.8
29777.4,22586.4
12549,21979.8
14062.3,13245.8
29091.1,4719.33
7406.27,13785.7
14709.9,21954.5
13465.5,22421.5
18335.2,21860.5
21005.2,5677.86
13143.5,23388.6
26555.7,10130.9
27754,25253.5
12009,32488.8
2997.3,940.848
8237.32,8454.01
29614,12499.9
15351.5,18682.4
16601,17137.2
8968.05,23683.4
2641.85,21969
32500,12437.4
29256.6,29869.9
15012.4,7640.37
1663.32,5820.45
2774.31,25897.6
28878.1,27553.6
18075.5,25624.1
30624.8,30712.8
4055.58,6504.88
20084.7,462.747
19397.4,31122.8
13917.1,19750.7
27505.9,4931.68
28290.1,10357.2
1084.02,985.655
29855.8,18725.3
14428.9,15338.5
5506.21,30742.9
28505.7,5053.3
19854.9,3609.42
24209.5,12239.8
31036.7,16499.6
25013.8,13647.5
21909.8,15712.9
9034.24,20130.3
20666,6286.11
5416.18,32736.7
10844.7,1949.95
14590.3,19285.8
25668.3,28325.5
14541,9729.73
716.93,15536.4
20328.9,15384.9
7523.8,6204.33
250.351,1411.49
16141.1,23483.7
9088.71,10845.3
5857.69,25107.3
14155.8,14199.4
30858.3,8990.91
3967.05,8917.86
11462.6,8234.86
19095.9,8239.1
4586.16,8314.32
6879.99,17776.8
3164.22,15812.2
24312.3,32570.2
18200.9,16561.9
2647.18,21856.6
17452,19808.3
24007.7,32618.7
15675.6,24547.9
28642.5,18709.4
21501.8,6337
1436.87,18129.7
4798.13,22897.9
15032.6,23105
15579.3,12516.4
31313.3,1727.05
28488.5,6140.76
18259.6,5589.17
4364.83,32271.7
21759.7,3012.1
5059.85,9574.88
28522.7,27649.2
1052.02,20416.5
13310.6,19891
27224.6,15055.4
6648.82,16439.8
31441.3,27834.6
19176.2,32668.6
5745.55,20633.1
19252,31015.7
6966.48,8956.78
29334.5,8144.98
1205.06,11876.8
13465.5,4291.97
23700.6,22471.2
14624.5,2016.06
31502.2,31505
17632.9,9275.98
6003.4,6046.07
29153.6,31901.3
10405.7,19649.9
14336.1,1025.88
5532.88,9793.35
17776.2,15896.1
13795.4,14550.5
10036.9,17350.3
8729.08,3760.3
16806.1,6050.86
21617.9,25584.3
6388.29,19066.7
6450.61,13101.2
27038.5,28621.2
20280.2,4593.45
4345.52,25167.5
30833.3,23865.8
17839.6,22632.6
6753.33,13817.7
8252.46,18613.3
28318.9,19861.1
29555,7813.45
25429.1,617.342
29942.3,15966.6
27587.5,19523
13762.3,23158.1
8380.4,30946.9
27297.2,5946.41
12584.3,14464.7
1206.98,32716
8833.23,31302.8
6645.92,19067
24919.4,6354.72
7592.96,27988.8
8652,22197.4
26859.2,658.431
4120.04,10999.1
4912.06,32036.5
20741.3,23953.6
6844.92,11567.1
21108.5,29681.1
23849.7,5259.78
27607.5,28026.6
24546.1,2884.61
20149.7,20481.4
26793.7,13338.6
18217.5,1105.05
26134,16641.1
19555.8,679.633
10252.6,1954.03
24871,20279.4
26701.5,26073
17480.6,18086.1
8938.51,30260.6
28981.5,14990.6
16070.8,5242.75
28781.6,24061.8
1563.65,12833.3
30721.8,502.822
28406.1,31447.3
23577.4,8686.18
13240,18683.7
20337.5,16465
15255,27168.9
29656.1,4858.69
21277,13201
15023.9,32702.3
13475.6,26312.3
5488.35,26850.6
24798.9,26101.6
30245.4,18848.2
18258.5,14462.9
8172.7,8871.43
16088.7,24441.5
18298,13976.6
19997.9,31283.1
917.286,5769.72
17442.7,15020.2
3480.37,32389.6
8381.97,10777
20979.5,522.56
19735.9,15713.9
20648.1,2186.49
9260.67,14752
19919.5,6636.23
19278.1,26792.8
21011.3,31496.8
23202.2,7547.37
31539.1,6702.87
21921,2257.07
7298.71,19359.3
29591.8,23960.9
12136.9,22033.1
14377,17775.8
5086.64,20272.6
23495.1,9515.72
8437.59,18456.4
1085.97,12626.6
1360.09,18908.6
19752.1,21154.5
30630.9,8706.38
8313.88,23179.1
14145.2,32517.3
24308.5,1969.67
23681.7,23762.6
22708.2,23147.8
31066.8,16715.1
5541.5,14663.4
2514.33,18631.7
28168.7,25988.6
13444.4,655.117
29427.3,16278.6
23327.5,7523.99
9934.95,23461.1
31463.2,25588
1495.89,26126.6
23859.7,2406.84
24223.1,22496.8
6126.24,17879.9
31371.5,31585.7
24087.9,17107.5
5715.54,16519.3
8257.84,22492.5
10886.2,24959.4
32019,5865.78
1028.13,22313.1
456.205,10468.7
11395.9,7578.8
15024.9,31274.4
8971.31,18585.2
5038.07,14095.2
25722.5,26658.5
2232.74,6231.9
17408.5,15590.7
9818.32,32702.7
5028.72,15561.7
23092.5,25713.1
7358.64,26467.3
4983.65,3987.28
26746.7,27264.6
13164,10425.8
22619.1,5792.43
19948.1,4718.49
3766.84,9079.98
14826,5808.37
10036,17518.1
29156.9,25456.7
16209,3360.02
17524.2,22294.4
20189.9,9694.12
21702.8,7419.92
20609.4,20523.8
27416.1,6637.25
14899.7,15169.5
5436.72,10415.1
17858.2,10379
5915.7,9846.83
2382.86,24616.2
11056.8,20333.1
24524.4,30062.3
4872.22,27442.1
8582.31,23396.6
30665.4,18775.2
11417.7,18759.4
6824.98,3554.59
15734,28422
21873.4,19917.5
5985.99,31175.3
27395.3,31622.4
31988.3,26720.8
10193,9072.95
30876.5,12254
21090.2,30816.4
29979.2,12289.5
27602.2,12322.7
9734.38,30654.4
16463.9,12274.2
16453.3,22972.7
18333.8,2307.78
661.706,20695.4
21907.2,17659.3
3592.7,13472.6
6811.47,628.738
3716.72,15835
29749.8,24956.5
13120.7,23296.6
3445.93,16406.3
30538.6,21691.8
20353.1,18104.6
14852.5,17004.9
8724.95,17611.8
10146.2,20135.4
31741.5,23855.8
29102.3,19381.4
17312.8,692.321
22405.5,6161.34
32628.7,17569.9
32471.7,21228.8
22148.9,27440.6
7210.14,24745.5
24815.2,25617
27479.6,16226.9
18536.5,32482.1
30732.5,11105.8
14518.3,31165
13896.4,5032.53
8245.12,23978.7
27362.8,24169
16467.3,11049.8
25603.3,32143.7
3603.52,22186
423.957,21301
25230.7,5396.14
3617.89,26153
31598,30786.3
26260.4,26224.5
19312,23425.7
29562,452.158
6890.05,8211.89
28960.2,2064.14
30787.3,14767.7
2088.31,24565.9
30837.3,2815.84
13830.3,19269.4
18319.9,4640.22
1411.62,31626.4
2357.7,25893.7
5950.65,30336.6
2334.92,32405.3
31270.9,19094.9
15253.5,23017.9
21505,4977.58
3576.15,24591.2
23016.8,20072.3
1852.63,9193.67
6344.62,32521.2
14439.1,28366.1
3554.98,9107.16
32020.5,7432.42
3916.8,31098.1
3059.42,19029.8
1135.26,4583.68
22342.5,20070.5
28295.5,13877.9
15718.7,2403.25
16678.8,7285.87
2364.81,101.639
2737.15,27626.5
17096.9,18938.4
27873.9,4493.91
20381.7,19109.9
25923.9,25739.2
25442.3,16731.4
26040.7,6850.86
16467.4,9223.05
15606.5,3400.34
18366.5,19463.6
20229.6,19685.3
23175.7,29356.2
7619.09,1683.3
2469.78,32190.3
8545.05,14341.8
5794.73,7158.43
28900.4,13341.8
17438.3,12675.6
15013.2,30580.8
30285.1,5253.63
3281.71,19670.4
9077.8,6549.04
28137.3,16835.1
5233.93,28731.8
17731.3,27376.8
30000.2,20342.5
4999.54,30916.4
13623.5,29240
31539.3,7131.48
14363.4,25575.1
6424.73,14726
22024.6,7389.63
11483.9,28745.2
11324.6,28392.9
4468.67,27740.6
15756.3,16843.3
1458.38,3114.09
25311.2,8124.18
17590.9,21717.5
2990.78,4580.42
28275.6,14000.6
20106.3,19682.5
16436.5,8644.73
18838.5,11592.8
7446.6,27212.7
21256.3,1052.18
26250.4,32057.3
31148.2,13145.1
9429.17,25774.2
21858.7,6763.61
32655.1,7301.06
10139.4,21174.9
1575.59,14024.6
19424.5,15376.3
18525.6,20537.1
30795,22851.9
16071.2,21706.3
19979.8,31884.5
845.469,5158.51
14820.9,17438.6
22957,9766.83
9389.84,26271.2
2039.05,8029.1
29648.9,20394.3
32530.4,5517.74
22990.1,3148.73
21301.7,29743.8
30393.6,1927.01
1135.58,8431.11
18616.2,5842.58
5920.4,28717.5
27782.1,22166.9
31870.4,27006.2
11763.5,22195.4
19217.8,23592.5
26721.5,5881.41
18230,17322.1
14153.7,21424.5
15264.3,31794.2
30388.4,8720.92
8658.13,18213.2
5058.51,23753.7
6823.96,8090.75
11558.1,24701.5
14026.1,24287
935.215,6209.45
3902.25,12531.8
15009.2,23071.6
11736.2,22794.9
26754.3,5015.07
17855.4,17933.8
30542.4,17945.3
15347.6,30487.2
21788.1,21390
32707.1,12280.8
29846.2,6860.47
13142.5,32182.4
7549.42,25636.4
9251.19,2823.36
3362.18,7639.98
4985.31,17624.4
26350.2,26781
20216.4,20170.6
29915.9,29726.5
6421.84,18352.5
14329,11128.7
24986.7,24082.2
18666.4,12735.1
20003.2,13485.5
2150.87,11896.8
4770.99,5872.99
8120.06,27165.8
6621.11,32128.8
20799.7,15004.3
32235,25269.6
6382.83,16344.4
20666,26395.8
7372.07,28710.8
13452.6,17906.9
28021.2,29905.8
17525.2,6575.68
5783.71,22167.8
19679.6,28793.9
32629.6,31274.9
21511.8,12460.7
7016.25,27824.8
29309.1,19801.9
27225.3,67.2228
31655.1,19140.3
18760.7,14449.3
30270.6,4836.92
4809.51,1725.17
25807.4,6631.25
3969.38,22301.9
24124.2,21164.4
13997.7,27770.1
30265.6,29511.6
16028.1,3379.76
30160.5,2432.56
32048.8,32666.7
25565.9,24404.2
6241.99,22133.4
23954.9,12147.5
1721.63,3454.66
16116.9,10688.3
24537.4,30180.8
7004.61,18389.3
31987.2,29384.4
1528.19,29052.2
26958.1,1472.89
10823,28983.2
8901.54,11096.5
13472,14520.9
10824.2,1932.15
2732.37,30057.5
25690,25167.5
21479.4,29926.7
18833.4,29703.3
21027.5,22910.1
26393.5,527.466
2565.87,7863.73
12081.1,19251.8
15238.2,28103.2
6572.22,17464.5
10867.6,16922.8
5234.82,9298.77
14062.3,24019.8
17405.2,16811.7
17898.6,3651.79
5084.66,15842.2
31155.6,16500.3
5939.12,650.204
14949,26017.5
14648.1,3495.81
3695.34,10171.5
15800.7,3637.51
17177.5,28134.9
4496.71,20641.8
25851.1,12537.6
27445.6,31565.6
2178.48,8194.44
15149.5,6928.13
25199.8,5312.29
27795.8,32692.7
12376.4,22567.8
30103.7,26742.5
28965.1,14047.3
14331.2,137.982
28052.4,26053.3
12695.5,11156.8
4278.55,13929
31958.6,8752.16
4208.78,7054.85
8503.6,24171.6
26107.4,32174.9
13261.9,22599
5732.92,24435.2
18367.6,4667.01
19212.8,21054.3
11977.9,30129.2
14889.7,15012.2
2489.91,32647.3
24387.4,25836.2
10482.1,15503.6
952.259,27027.4
15597.4,5646.46
5945.62,25032.6
22196,28224.3
22602.5,27632.9
14437.7,3282.61
19654.8,35.097
30132.9,23399.9
2649.69,5293.67
25705.2,29205
20228.2,4750.93
23774.6,29668.3
27037.3,6651.58
19074.4,15189.4
29260.2,5850.14
3161.85,22233.3
21263.5,9546.65
9594.84,21846.7
8246.62,17945.4
15760.1,25254.2
16616.6,25419.9
29018.3,13335.9
26525.4,9370.68
29482.1,17644.6
23201,5105.79
31593.7,25306.1
3223.18,4591.74
2322.41,2700.58
1268.65,6762.08
29235.9,5152.73
6272.05,22762.9
17519.2,12200.8
29145.6,3370.27
30079.7,12714.8
27119.1,16282.4
25516.9,12193.9
12425.8,17888.3
9814.35,27769.8
17598.9,5970.6
11888.4,5398.21
15741.6,29053.1
14081.3,19662.9
25094.6,19618.8
1445.44,2538.22
4718.52,8243.38
31499.4,16937.1
31.8565,30554.6
29556.4,26429.4
13910.6,21875.1
30522.3,13132.6
29348,27278
15175.6,17777.7
19821.2,6125
29081.2,3640.24
12907.6,17547.3
27077.4,3110.2
10540.8,403.658
369.363,22574.5
28048.7,32485.8
25816.3,573.814
22604.3,20373.6
8010.64,15791.8
5994.02,32364
31657.1,24023.8
14023.8,29285.3
13549.4,8828.35
30867,9009.85
30369,21590.4
32212.3,7604.42
11620.9,12693.7
16101,22662.8
10089.9,10842.6
21486.2,22643
1271.94,27964.4
3445.36,9466.66
30955,17349.5
23757.8,3281.43
22832.7,16114.3
3232.45,14943.4
32589.5,13239.2
18795.4,6209.67
30935.1,1912.87
31230.1,1479.4
2043.6,19601.4
26623.4,23412.4
29686.6,11983.1
14439.3,16257.4
10652.4,12276.8
13316.1,19035.1
11221.5,13367.6
24565.8,31520.1
21531.1,24258.8
26162.5,31783
25342.3,15923.9
19969.6,14196.4
24736.4,18715.5
1154.75,15174.6
19769.3,10882.5
13604.8,28301.5
8595.06,24161.6
29229.8,5485.46
8079.27,7718.89
11574.2,9662.31
29343.8,7475.88
32684.1,27532.4
8266.19,5472.77
17233.8,32151.1
18604.7,9076.02
31417.1,468.952
14066.5,29616.3
2510.32,16873.2
16866.8,15941.8
15948.9,4020.71
31825.3,5081.98
10309.2,31173.4
13739.8,31238.4
17054.9,20448.4
19056.3,22491
27536.9,30589.8
17585.7,12888.3
11560.6,4167.17
19606.4,14581.9
21960.7,26784.4
26843.4,8732.62
24740,16923.4
3919.88,22443.7
11845.1,26112.6
1364.5,29556.9
3338.21,2508.39
4193.71,3005.68
4514.77,943.037
30339.5,20416.6
16274.2,20236.6
20183.6,29740.7
437.981,24828.9
8722.83,28577.1
29368.3,19659.7
23290.1,1848.62
30106.2,14459
1770.29,11001.8
7730.12,8507.13
26194.7,8803.65
27048.8,28664.8
19764.7,2280.99
18170.8,24013.4
21416.9,6766.39
28537.6,10377.7
22105.6,20432.6
3914.71,5937.04
18182.6,19290.2
15846.6,20093.1
19714.8,5456.74
18074.4,30041.2
13749.9,10344.9
16647.7,10597.4
13592.9,20043.1
31139.8,17269.2
30268.5,19481.4
10806.8,27666.5
31684.1,24290.9
606.012,32759.9
20583.5,2093.4
12.2035,17557.2
1903.95,10869.3
6149.14,27791.1
3388.08,30118.7
11874.6,27711.3
18370.5,9125.21
24336.6,7727.08
1799.76,1221.35
5712.92,14241.9
17830.3,23635.7
31032.8,3336.18
14670.5,3339.72
7728.15,9868.87
13124.9,5537.8
5494.93,9354.88
20701,23865.5
16794.6,29715
31748.8,20463
3.56282,21351.6
15290.5,19280.3
8553.9,9858.05
21649.3,23262
12889.1,7055.38
14640.2,17552
5044.2,8046.87
19154,25936.2
25391.5,8756.34
27079.3,23931.7
13269.2,11176.7
22002.8,3429.48
5760,16327.4
24393.9,25042.1
29284.4,4928.75
26202,28798.6
11652.6,4088.06
11455.6,25750.3
9531.32,10630.2
30127.3,15165.1
30389.7,440.644
30320.2,20488.4
6003.3,23821.5
5854.2,14722.8
15818.8,26425.3
488.936,30121
6500.78,18341.1
1552.03,26222.2
23486.2,1516.4
17901.7,7737.88
4265.67,15967.9
14508.8,31843.5
18121.3,9858.31
31372,6586.73
2073.99,24972.3
27996.9,1281.08
8804.6,9451.89
10504.4,20333.7
16333.5,11453.4
15370.4,26922
20297.1,88.187
15343.2,19923.9
15648.4,1731.84
9693.19,253.62
31599,27451.1
3849.98,23212.2
23209.8,20912.3
9535.14,9180.54
12817.3,23365.8
32606.4,763.956
22593.6,31443.3
15833.9,14442.8
27559.5,6502.64
31543.6,11007.3
27395.6,2751.64
3220.69,17541.9
7658.16,20944.7
4638.11,7738.93
19783,13635.2
22425.5,32080.1
19412.4,9204.17
1244.08,8045.88
20132,26994.3
7761.28,22316.1
5532.77,12930.3
21880.3,30873.9
25589.2,24987.6
10598,5560.9
18621.8,13163.9
22334.5,2815.33
14165,13137.8
6846.64,23511.3
28655.4,32737.9
16052.4,24351.4
14360.9,24420.7
32133.8,15273.2
25387.9,9301.01
12709.7,13500.2
10970.7,25061.6
22050,18065
22443.2,28791.4
22298.5,4821.08
14709.6,16933.3
12864.9,7468.27
28647,1849.28
26459,22444.4
768.301,8885.92
14535.3,32606.1
19351.6,28364.5
15346.1,18626
11221.1,20838.8
14815.1,23624.4
6070.35,8352.37
24487.2,8919.98
28045,22345.7
16115.8,25162.7
7804.78,6502.87
7811.37,10733.3
9983.97,2224.68
6826.26,3845.43
22371.4,26897.7
5584.67,14662.5
27719.9,5418.66
30959.3,16218.1
30498.1,17103.7
17430.9,21345.8
5821.97,6025.05
28393.1,16235.3
32692.4,3348.51
6431.28,12800.5
21753.4,9695.35
2819.27,23192.9
20561.1,29071.2
1523.88,22052.2
15061.9,24956.8
25828.9,27523.4
13682.7,27953.8
3292.46,6157.16
20842.6,1776.08
11638.6,27660.3
30929.9,24620.1
20835,14141.6
10000.4,32270.7
16099.2,1364.19
29029.9,7665.21
10319.2,27254.6
24417.9,27110.9
11410.9,8125.23
4969.16,32048.1
10155.4,28599.4
17206.5,14537.2
21293.3,29414.6
85.2675,26587.4
14015.9,7234.52
20648.6,13384.8
26781.9,5555.33
5859.25,27427.8
7701.88,27799.5
19215.9,4404.48
3083.91,3650.78
778.373,18296.7
6006.69,5241.63
19205.1,32670.2
21984.4,25078.4
19973.7,139.241
24041.7,3815.64
20066.6,15063.7
26565.4,9583.12
28235.7,27982.3
15802,11812.1
18497.8,6513.8
31907.3,3215.38
22424,18418.5
9328.8,11183.2
12537.4,7483.59
30883.5,31349.3
2786.82,15847.9
12500.1,14409.3
5668.12,839.646
31022.1,4485.72
9827.75,32735.3
17135.4,3061.67
10906.2,21479.8
25836.6,17245.4
30101.3,20939.3
3084.35,30196
22133.5,29355.8
31688.2,24800
304.519,6875.35
7857.35,27843.9
18190.1,11875.7
26346.6,10798.6
7981.71,30080.9
32425.1,7719.98
32510.4,20771
18619,24232.2
709.937,16237.9
12541.1,32545
26141.1,12344.5
19683.9,19696.5
19570.7,10640
19445.8,23535.6
22917.4,15414.8
14413.7,25318.4
6635.66,18461
1818.67,26645.3
15246.2,4333.14
31008.5,15788.8
5675.01,8835.63
19254.9,20050.4
979.957,1390.57
14022.2,14754.1
2410.36,17267.7
16977.4,16552.5
20267.4,15370.3
25065.8,617.762
26914.3,18655.5
26549,2137.21
28592.8,12882.4
17520.5,8930.08
26634.8,29688.6
6122.39,5603.52
31930.9,20760.5
4486.88,5423.71
1565.2,14638.3
8378.44,4362.02
25315.4,31851.3
30098.6,21168.4
8339.63,20531.2
20781.1,26830.6
29700.7,9118.09
9790.21,25606.3
485.599,17399.2
2444.94,25455.2
30518.5,20800.8
29299.7,28947.2
29132.7,684.797
19297.7,11888.3
14545.2,15140.1
21082.9,20727.6
17730.3,28099.6
18805.9,28304.5
6767.74,21082.4
30556.5,6676.31
28286.8,27116.4
30672.6,20433.3
8937.34,21298.4
23586.5,12809.6
3323.99,28441.3
7099.06,5491.75
3671.84,21823.4
21653.6,23993.5
32113.8,6266.74
23488.1,10745.8
24083.5,23377.5
7646.25,20805.1
27098.7,13441.9
20391.9,12066.2
26806.5,25465.8
28262.9,16396.8
22893.6,21726.5
4218.77,3569.03
27161.9,30472.1
1494.73,27825.7
16549.2,24195.1
18561.4,1701.33
4948.59,14992.4
15639.6,14613.9
4411,6561.08
17222.8,16576.7
6849.73,32224.1
5714.16,13912.5
18981.4,16808
32145.9,23298.9
19448.8,19466.8
19695.8,13531.3
1951.99,5450.58
13675,31598.7
6100.44,31584.7
26009.3,21568
4898.33,26231.8
31262.5,24387
9324.02,15729.4
15927.1,4966.12
29542.5,10850
15411.5,27396.2
23833.3,12048.5
7668.32,24688.7
31844.9,2425.19
23922.6,14961
630.105,26700.3
17720.3,10430.6
24405.7,28528
16612.2,12425.7
14938.8,3192.12
32171.1,26866.5
15026.2,6964.84
23251.3,1935.39
8159.94,23076.5
10807.1,15596.3
10805.3,12027.1
16583.3,24837.9
21341.2,15137.9
22278.9,28621.7
22229.3,16434.1
14730.2,21930.2
2670.47,21632.6
18815.6,3063.06
1741.67,26509.5
19748.7,1408.94
8171.99,5778.92
4172.64,27401.8
11670.1,20731.3
21727.4,10184.5
9197.64,19688.2
4951.37,17895
31719.7,19373.5
2883.78,6915.09
27596.7,11859.1
9159.66,17583.4
28603.9,23061.2
7193.55,29938.8
8738.44,27876.5
3078.55,3780.57
25673.6,16868.7
13419.4,4757.95
22216.8,17901
8125.87,23239.7
8716.66,7178.62
4738.78,10287.9
3799.9,4605.59
19413.8,32407.4
28348.6,25785.9
5606.11,20799.4
21671.8,21735.2
9847.73,32599
7507.69,2914.1
20320.8,8327.69
18386.1,19898.3
32524.5,8552.49
7688.68,693.46
4346.77,12296.6
11568.3,1737.85
28221.2,30825.9
3670.14,20643.9
32252.9,12546.6
32476,26020.3
26099.1,30525.1
18677.2,7774.52
6896.92,31736
31788.9,15133
16727.8,4.27253
30174.2,18519.1
23966.8,8361.13
14780.9,21313
21713.2,29728.7
6731.39,28223.1
15632.6,30231.4
12644.3,1382.4
32268.6,17457.3
10419.3,773.668
16782.8,10883.2
21052.8,17436.5
13296.3,24.1784
4305.51,23773.9
5281.36,21358.6
4253.99,11570.7
5797.19,26359.4
20381.5,17718.1
4371.8,32152.9
30242.9,6586.82
32663,30509.6
32592.9,2242.52
21229.3,15620.1
12706.8,11781.1
4458.58,32350.4
26468.3,1905.91
18294.1,15601.8
10039.5,27045.7
18444.9,10600.3
3217.82,17525.2
15674,20449.4
58.3746,14186
2211.46,5230.2
16591.9,30270.3
29696.5,32661.4
15171.7,32100.6
12698.7,23249
13145.7,5758.17
11473.7,7438.36
15404.5,11493
10905,10032.2
168.857,29221.2
14838.6,20620.9
23566.9,21119.9
29831.1,17262.6
17012,14694.2
3834.11,10642.1
31041,9730.05
14737.9,10411.9
8117.5,4015.4
20643.2,11999.4
1887.37,6782.72
23837.7,3912.27
23718.1,7091.94
25852.3,28278
8001.67,28230.5
3029.3,32487.1
27327.3,5987.48
846.93,3477.51
3839.39,15082.8
19362.4,24169.6
30905.4,24560.9
17441.2,22720.7
27124.3,1339.66
2989.08,1005.15
653.714,1482.77
12606.7,21430.1
6327.35,19788
13407.7,17622.3
24949.5,23714.2
21936,18810.4
26913.9,7785.56
14177.5,1476.3
23529.3,2922.36
19900.1,23627.3
7757.65,7975.53
8092.82,19096.5
13730.8,7251.97
22255.4,5547.14
146.238,8535.02
8505.32,18036.3
16281.5,3278.15
24592.2,30299.4
28041.7,12808.7
10657.2,27576.5
26632.1,23946.9
6442,1627.54
26637.3,10637.6
28541,31750.1
19046.1,8827.82
898.604,25838.2
10293,15221.6
693.011,6206.94
16238.7,4816.62
421.488,22675.4
11099.1,1683.82
23668.3,20609.1
27928.5,6395.83
26458.5,24332.7
17431,9463.82
28449.9,13360.7
22173.5,25260.4
2474.33,15706.9
10820.7,15346.7
13927.7,25069.7
27767.4,28884.4
20191.5,4030.94
2809.29,3093.04
18222,6040.99
7262.9,10150.5
16001.5,22969.3
6287.97,305.291
24478.2,16979.7
24906.4,24209.6
4442.77,5643.6
6817.33,16983.6
30497.1,3709.27
21367.7,28742.6
16755.3,18103.3
32262.1,16856.3
20065.1,30650.3
14427.4,19127.1
6675.16,1276.44
25815.7,19781.5
32581.4,22760.3
4784.69,32533.7
18375,4444.93
13935.1,7535.13
3320.65,31786.9
12913,20944.7
26706.9,25496.5
12133.1,26216.8
29665.7,10976.1
17619.5,19099
6850.91,15024.3
29075.2,26495.2
14762.2,15787.2
25682.9,17508.5
3935.73,11495.3
5138.17,31559.2
32060.3,11373.9
10407,32093.9
6065.2,14268
13114.6,10127.6
1728.95,7751
14025,9977.88
13953,20465.3
165.505,11627
22432,31127.5
20723.9,30183.3
12249.4,29063.8
21291.3,6440.05
14978.4,29698.7
26269.2,12825.6
6402.68,12223.5
14055.9,21082.5
21330.2,8807.57
9344.09,18111.2
26756.8,17689.7
32048.6,11217.3
12088.8,2280.66
1173.12,21067.5
1576.02,9048.18
19617,29598.7
21661.8,10980.4
24085.5,13933.1
23288.8,891.143
12559.9,786.734
21290.6,6910.8
30074.8,10264.9
24892,30148.7
11159.6,20158.6
21448.2,2839.31
3196.91,16250.4
13437.8,29108.7
17041.3,30323.5
10400.3,23630.2
29204.2,2054.26
8581.08,26125
4502.58,21827.6
23834.4,12038.1
4732.35,4205.21
13917.4,18636.3
22910.2,4477.73
17889.4,29408.1
1835.13,31391.5
21069.2,10040
4195.71,11444.1
4316.89,30395.8
9948.76,3022.51
13790.9,13772.2
29087,5047.03
21814.2,30906.2
5511.68,15467.5
4826.97,24653
3527.87,11929.2
9047.68,13886.6
21605.1,18470
7242.07,22971.8
23225.9,28843
5351.53,31718.5
20975.8,15857.8
5750.36,11351.8
17291,26747
23760.3,13717.1
31199.5,4092.23
26343.2,18849.9
14486.6,20444.9
22332.7,32364.1
17709.6,9145.92
9319.97,6747.14
16244.9,7136.1
6546.93,12490.1
18963,25048.4
9982.25,3719.47
766.233,3287.99
636.57,30290.6
19463.2,17995.9
6133.9,11620.2
25421.6,15955
18916.1,22501.8
19397.5,28738.7
470.464,9588.9
1465.46,14115
4337.51,19874.6
5958.51,12848.9
24682.8,23671.6
25820.2,31066
29198,20204.6
22978.4,8643.89
12473.8,32624.8
24719.8,4678.68
4321.45,25188.2
11186.8,10223.4
268.868,4766.89
19946.5,10876.1
10838.3,11753.1
8911.64,4322.6
237.69,387.953
1864.63,5578.45
9365.82,1694.85
25106.3,7184.06
4389.78,12000.2
31807.7,25411.3
7943.15,227.418
10677.5,3112.25
21435.1,1206.62
16811.7,27959.5
597.602,90.0355
26415.1,14107.2
15355.8,1094.77
8611.93,26934
4200.4,18403.7
17723.2,5660.04
7787.55,22032.2
11137.5,30740
29801.3,2463.68
15314.4,21913.8
16598.6,22998.2
17374.2,13790.8
21184.3,30448.4
8235.99,25926.9
27205.1,13977.5
13458.6,18920.5
22809,20598.9
13505.6,2066.84
29440.6,27290.5
15543.6,30402.7
20057.6,30226.5
14668.1,25646.7
21649.2,23386.4
8358.86,10813.8
8875.19,30437.3
31429.9,4876.9
14784.6,26010.6
14840.5,3435.79
32633.7,8529.01
25445.9,12637.8
3734.04,27994.2
1925.83,5275.08
22378,4855.47
2725.7,28433.4
4189.91,28125
15719.9,3935.79
30313.4,18614.3
17727.7,8026.69
23965.2,2466.63
21750.3,14473.6
4509.16,11953.5
13611.3,18600.6
1568.46,6763.49
7373.23,17960.2
22385.1,12360
22946.8,13485.4
6894.94,16696.4
18627.9,31119.2
32652.7,18461.6
7965.03,90.389
15953.7,30285
497.635,12110.4
23256.8,4112.12
28501.7,11231.7
13265.8,6438.63
30386.6,28469.6
25471.4,20802.4
16708.4,10925.6
28728.5,137.789
27293.4,31831.4
19688,5140.82
10530.9,29559.4
10638.1,2676.8
18060.1,25860.3
5053.47,12328.8
26728.9,4139.82
26396.4,11304.4
10391,4813.04
3559.58,23646.6
32207.7,11773.9
4460.6,552.575
29720.2,23171.6
31375.6,16088.9
13649.9,11612.3
583.422,24628.8
25000.7,3127.06
4638.12,31990.3
14373.7,12793.4
5300.51,24908.9
3872.93,827.412
5693.23,19289.1
7366.9,12999.2
13567.1,30642.9
3992.84,13854.9
25045.7,32226.9
30444.4,2548.85
28847.7,31975.1
31594.1,18098.7
30991.1,6067.16
26512.6,1268.44
1677.54,16812.3
47.9458,4617.67
6484.78,23340.8
11500.3,29814.1
30370.5,7682.73
28864.7,16498.9
18764.5,23023
12919.4,15467.6
4665.31,297.48
21813.4,21888.5
26850.6,1244.62
8428.12,25605.8
3032.71,420.515
31464.7,16387.6
16702.3,15380.9
28227,9653.26
1866.58,27954.5
1137.81,27147
5320.83,24312.2
28086.4,32555.1
10648.9,22741.6
31146,18667.9
12075.1,23594.5
24508.1,16729.6
10506,12494.7
22444.6,27955.9
30031.6,16778.9
528.811,8303.33
23849.8,18589.4
8400.78,4788.66
30044.7,19514.5
8106.19,17375.6
20159.8,27397.4
27822.3,12415.4
30396.6,30873.9
8387.03,22105.3
18388.1,27141.5
30752,2277.68
2585.6,4682.02
6868.12,5584.04
25522.7,11999.6
13631.6,14712.8
6490.07,17454.2
24727.8,25458.6
7905.65,18964.9
23396.9,19207.5
30634.8,10341.5
4611.57,21426.6
26411,869.252
30504,16804.8
29040.8,22608.8
11347.8,15937.9
11160,27091.8
31330.5,11425.3
23638.9,31888.6
6655.32,19984.6
27761.5,25502.8
19501.2,13965.1
10053.2,23815.9
17089.9,4431.35
19264.3,15944.8
22755.9,13627.3
27238.9,28885.3
7056.14,2415.18
6862.43,16019.8
8731.88,14779.3
30498.9,28251.2
13991.9,15139
28451.1,12413.5
20142.4,8286.22
26658.5,23355.8
21374.9,15961.3
11656.8,30538.2
15031.7,8373.63
12623.5,7253.44
28366.5,20036.6
7303.5,7546.19
1933.27,23952.8
12242.7,1482.61
21136.4,22869.5
29672.8,25805.4
11210.5,29955
14868.7,27388.9
9726.76,4413.88
27829.2,22085.1
838.641,4188.39
12222.2,11915.5
32143.5,31468.5
20790.6,21028.6
24348,29741.3
2489.06,21082
27390.5,32403.1
3317.29,8168.81
5538.85,4167.22
27182.3,1925.65
3396.24,30628.5
15546.4,32341.8
4724.97,4027.12
11397.5,15986.4
8344.63,17616.5
16015.6,13163.3
26217.2,26843.3
30057.6,14017.3
3700.48,22536.5
16828.4,7274.88
22427.3,27958.8
17089.5,3921.16
32146.2,18044
22218.3,15828.8
29027.1,22943.3
31672.5,22085.2
25066.2,22685.3
32643,21354.3
5209.75,26150.5
182.058,6398.53
3253.06,6685.23
16111.3,24621.8
1623.86,22043.8
15203.6,29723.1
15469.5,27117.6
10584.3,15966.6
630.322,2065.13
11945.8,9087.08
11465.4,2621.82
29766.8,12158.9
18703.9,1496.2
1714.38,4683.41
9924.3,12415.7
1667.91,27725.8
12218.9,5249.45
10469.8,27358.7
4246.16,5476
2071.62,13517.3
12625.7,17501.5
17388.6,9947.49
32184.8,1243.9
29260.8,24639.9
32237.5,253.936
24497.6,7971.37
16099.5,28184.8
8106.23,27940.3
2790.72,8498.68
27995.8,7125.13
29202,29578.1
23546.8,4413.55
8918.99,30478.9
22356.4,25684.6
4730.53,31458.2
29766.5,18826.4
30102.4,24544.3
4421.66,20288.4
2199.04,15635.9
18135.9,27213.4
10302.5,21562.3
10263.9,21115.1
14881.4,22092.7
21301.8,12040.6
25896.4,30702.9
20979.8,4901.56
6673.17,22014.1
18985.9,19066.4
27629,10764
32322.4,30111.8
14497.3,20187.7
7613.27,30372.9
8550.23,5348.7
26029.1,11659.3
21321.6,26324.7
4409.08,1225.91
8107.69,15881.8
6685.43,19913
25794.4,26393.5
18727.3,28009
17942.5,5707.66
5819.17,22650.5
13573.4,19483
23375.1,24644.6
18752.6,2491.85
20463.4,20224.2
26955,21901.9
24251.9,21596.4
17153.7,4010.59
17253,16891.2
5134.03,5726.8
31667.3,6130.17
17011.8,15017.5
2050.11,24908.1
17670.4,1215.87
31680.6,24711.2
23535.7,18569.1
24049.1,3092.06
6444.67,2594.71
22956.6,23259.9
14605.7,12891.6
16028.9,24757.9
19129.8,4920.8
20864.6,15089.7
10408.1,15472.5
27818.6,19663.7
16678.7,8177.18
28803.2,19464.2
11991.3,1627
1030.56,7492.03
8493.68,21375
9537.52,162.39
5363.64,6888.93
2519.26,3636.11
23750.4,1106.41
20353.1,640.762
31126.8,45.1619
31880.6,23296
17194.3,19484.7
20556.5,17059.2
24729,18296.3
25536.1,20042.6
4306.26,6094.38
6635.7,2379.57
17173.7,7516.41
24681.8,20978.9
32632.2,14232.6
16361.1,1531.26
8035.13,22953.4
15533.9,32537.8
22035.6,28396.9
1804.94,24434.9
2331.14,3952.84
31731.8,11808.9
30942.6,1146.51
30047.8,17330.9
14614.7,7426.59
27365.8,1705.6
31058,21044.4
25131.3,30716.3
7535.49,15344.3
12140.6,3988.39
9765.16,21834.8
1528.08,26834
27005.6,4363.19
22705.6,16131
6996.79,15918.4
2703.85,14833.6
9690.1,15460.5
28445.5,2646.27
21013.3,145.652
6906.39,22110.3
16479.7,26956.2
1113.63,30254.6
12515.6,25443.9
29569.1,90.9826
7204.39,24148.8
17230.8,9836.56
7030.55,4309.14
29102.5,24932.2
8579.97,3406.54
37.6781,28210.9
712.874,9818.76
9289.08,6718.76
19989.8,9033.45
18503.9,24544.6
29968.5,17569
23388.7,21224.2
17586.3,6296.72
29276.1,23832
11721.3,8091.73
14383.5,19109.7
23924.7,16587.4
11855,9914.05
9643.68,3706.87
15692,26612.2
13748.7,23218.2
5448.78,27879.2
8879.36,7087.23
24187.4,18583.6
16395.7,8288.55
14767.8,24320.8
18446.8,5354.02
4293.71,20879.1
21585.1,22309
14127.1,15271.9
9793.79,6941.5
23156.5,16157.9
16288.2,24466.3
17072.4,24765
19202.4,12920.6
25361.8,13506.5
21585.6,17784.2
14938.1,23392.1
20809.2,21101.6
867.087,19775
31228.9,20456.1
13720.5,30709.1
29007.3,30125.5
21878.7,10901
15739.2,4403.58
5393.19,21019.8
4237.38,10792.2
17552.8,1539.7
24807.3,30442.1
4783.48,25781
20925.1,8463.52
7485.4,16397.4
27544.1,23007.5
20892.4,6624.49
9431.96,16085.1
7491.87,28786.2
14889.9,3617.03
28224,23296.5
22291.6,11048
941.502,30261.2
3696.43,29443.4
3650.2,8373.73
8941.75,24828.4
8388.18,1942.69
8073.59,788.717
28814.3,737.108
16411.5,16000.2
26128,16917.6
10699.3,25639.2
32076.8,18596.5
29591.5,5413.51
30298,14965
32464.9,30540.6
21989.4,30815.3
8091.76,14749.3
13740.6,3252.62
5489.85,26835.9
25858.6,26548.1
21407.1,5081.17
22863.3,27670.9
6598.48,16463.9
28300.6,19331.1
23644.1,12041.9
30667.3,13082.2
32042.4,28817
8108.96,18413.9
21452.4,18847.1
6377.32,29571.7
1587.19,26535.6
7883.68,84.4402
12582.5,25932.8
17843.8,1616.8
24765.1,7909.01
7058.41,10072.9
22757.3,22272.9
6257.07,7107.89
11743.7,10971.7
24298.2,3802.92
11457.7,22252.2
19628.4,19294
5107.39,19291.1
23292.2,14332
7091.6,4227.77
20271,9183.21
20115,31604.5
15152.1,25374.2
12788.8,12915.4
19968.6,15177.6
16020.5,377.282
29746,8162.66
10494.4,32432.7
18538.1,16094.7
31251.7,32505.6
21479.8,23847.3
30600.7,23145.3
7925.85,797.004
23656.7,199.275
4474.11,30992.5
24973.6,24079.6
9067.82,5064.75
5675.74,3826.09
23893.5,20734.5
2118.4,25940.6
10453.8,17376.5
15670.5,15565.6
28959.3,20880.4
31274.2,7977.13
4987.29,15781.9
23714.1,14568.9
8130.53,1705.36
17139.9,7614.81
26854.9,4762.02
1224.27,23828.7
25960.9,11114.6
31643.3,26245.6
24544.1,19326.2
23360.5,15970.7
30584.1,14898.7
23130.3,558.211
28785.8,30803.5
10980.4,15651.5
21660.8,31908.5
17065.9,3243.13
25570.2,16474.6
29644.2,5352.97
21694.9,7072.67
21826.7,17709.9
25789.1,29204.2
31571.5,27778.1
14597.4,12104.1
28.2115,7716.79
3787.46,4930.71
23568.9,26114.1
15323.9,20220.7
3698.11,19778.6
32532.5,28900.8
5596.88,11962.9
8425.52,8541.15
14524.3,23415.3
25569.9,12093.3
7634.83,3897.02
17688.9,27725.4
13491.8,13557.2
3260.59,22988.2
28233.2,31570.6
11921.7,9452.15
17745.4,14636.1
31342.3,29523.2
5851.93,8724.67
7357.1,32667.8
19150,19150.8
28414.3,1491.57
19553,32210.3
6213.79,32764.7
21154.6,24524.6
32184.8,12941
30963.3,25628.6
786.227,2287.09
10120.8,4438.8
6946.05,16897.3
19435.9,5570.07
10317.4,27797.6
24952.2,11230.8
11528.3,13297.1
18913.1,20183.3
19550.6,31824.9
30124.5,16148.1
6768.98,20318.1
23728.6,22187.6
15600.6,6335.14
18075.5,11754.5
23461,12937.3
25455.4,4047.85
24811.9,16838.9
13312.3,16016.5
2608.61,25331.1
17016.6,2069.62
18551.9,9859.69
10963.7,10872.6
28889.8,23901.9
29539.5,2188.28
15615.6,13657.4
13645.7,11859.4
7081.04,9671.4
5386.64,9606.36
20778.4,11240
2792.22,6673.23
26603,22387.3
31622.4,20116.3
28899.5,10002.5
8283.87,24804.3
5156.89,13538.7
16432.5,24201
29009.7,13047.1
14241.4,10556.8
20513.5,14293.2
20896.6,11121.5
8415.04,23288.1
28658.3,23755.2
19689.3,8525.85
944.913,5794.44
22324.1,14775.3
21959.5,14466.2
19654.7,2443.58
8057.13,7339.05
1338.12,2323.98
29402.2,23698
13120,28687.9
29523.7,25949.4
17691.2,12848.2
24098.1,23658.2
5409.6,19355.7
25304.4,21448.2
27198.2,23916.4
19418.3,20157.3
18545.2,6704.41
30433.6,5695.34
4429.23,618.513
7546.65,23932.3
29817.7,28943.1
28039.8,13906.7
12337.3,30730.9
29116.8,21975.6
8643.64,3257.93
18978.5,10450.5
9747.96,1134.53
13463.5,14400
18969,24814.7
25932.6,24017.3
19292.9,27894.2
12102.4,18536.1
26752.6,10417.5
31966.2,20638
437.669,1603.62
6209.29,7487.32
2372.99,30273.5
17392.3,6091.32
17415.1,17462.5
9025.42,12535.8
23022.9,17184.3
29404.8,29994.6
13947.2,18929.5
4415.49,28928.1
14662.8,15.9603
22331.2,26058.1
13946.5,31188.9
16500.6,19980.6
18261.9,9487.04
25573.1,12799
27308.9,1409.12
15450.7,19467.1
30054.1,16736.8
16628.9,32085.5
21244.2,32215.2
19881.4,4655.86
5631.39,2948.39
23489.1,22178.4
22674.6,25338.8
2650.51,31465.7
27883.9,28989.9
30437.7,18421.4
24022.8,13384.3
26022.6,9193.06
16179.9,10122.5
14904.9,26271.1
20083.8,100.014
16391.6,32289.2
25375,15020.5
17108.3,25392.4
12113.5,29998.3
30516.7,24001.3
20536.3,7718.72
13073.4,6523.05
11928.4,28615.6
30248.6,2619.62
12104.6,15544.2
17034.1,8337.67
13235,3217.8
17691.4,20032.5
27223.1,2146.76
19990.7,23233.9
28489.9,14124.8
6535.18,1984.71
15535.3,2662.74
26575.8,1437.46
27460.7,14970.4
26147.5,14316.3
17112.2,29509.5
26381.9,18934.3
6862.32,20634.8
27370.1,4919.08
2716.43,10944.2
30826,19422.6
27214.1,13039.2
17684.7,4432.24
8963.29,24535.3
11711.1,15012.4
20334.2,10778.5
32538.2,32040.1
11350.8,6349.06
3621.34,24795.9
22807.8,7675.57
8373.8,1265.54
26655.3,17185.5
9716.61,13394.4
16242.5,9651.59
16095.2,18971.9
18727.8,17301.8
5830.46,26140.7
29672.4,6051.01
3023.59,29017.2
886.927,1578.01
10100.5,29322
12578.9,6509.48
26368.9,12953.4
7253.26,3617.5
21526.1,12586.2
2825.4,12273.4
27946.9,26895.2
31310.2,1531.84
24071,25808.9
32454.6,20304.6
2119.27,9001.28
29993.5,20344.3
23518,19340.6
706.659,27373
32654.6,12955.9
26096.9,5018.36
18804.4,11951.6
5798.25,1381.88
1914.07,15444.1
14059.5,21154.6
6115.86,29386.6
21339.6,16540.1
20931.7,18566.8
29604.1,29713.2
15748.9,10158.2
31499,28083.3
7522.27,21153.1
22755.8,22184.4
17903.6,6253.78
2331.21,7434.51
18065,22870
25778.5,24680.3
25088,23382.8
16953.5,11842.1
22215.8,28312.3
26201.2,3729.49
30667.9,25084.5
17485,24637.2
5311.45,18326.6
3681.45,1445.75
12972.8,2350.98
5756.15,24859.2
5233.69,19649.5
32404.3,8549.39
4925.84,10495
14644.9,24125.5
18198.2,10699.1
23034.7,1234.14
32597.9,9407.41
13851.7,5189.26
2855.92,23973.5
21725.2,10797.7
21006.1,31486.2
12315.5,24339.9
15454.1,19071.2
17605.6,29430.2
27584.6,21903.4
29534.4,18888.6
17331.5,17867.4
12412.4,14320.2
16902.8,6530.7
1355.99,7878.26
10078.3,10297.1
24586.9,22810.9
28598.4,30504
13452.2,30637.7
6875.61,23995.6
27833.1,19894.2
17644.7,31250.1
10507.9,19806.7
3808.97,30082.8
20754,13381.7
22271.7,6418.17
29679.4,2043.35
16744.3,12798.1
30939.8,25223.1
4234.98,17975.6
8098.37,3812.71
19882.1,6369.26
20769.9,30079.1
16739,32467.5
16333,22714.5
15393.6,795.381
22572.9,24940.6
11942.5,23416.4
345.123,31583.9
4742.92,11486
11652.9,464.975
8874.99,8181.54
14959.4,15347.6
25552.9,17818.2
8690.86,10604.8
32009.4,19293.1
31352.3,7895.2
24634.6,1.57262
18304.1,12865.5
17051.1,10240.4
6685.6,30637.2
25915.2,8708.68
374.055,3472.99
11643.8,23406.6
19271.8,31061.9
3470.29,5331.04
5214.92,21465.2
15616.9,30330.2
10527.1,17904.2
16683.8,29920
13824.2,21727.7
17859.7,1332.08
18445.7,32479.6
17740.3,8667.42
7526.44,10145.7
415.142,7917.67
17852.9,21700.7
19561,20150.1
4824.66,14945.9
8107.35,30262.8
22805,6016.02
1594.95,4513.47
32735.2,25248
21568.4,26848.4
25149.6,17970.2
12218.1,29711.4
32581.2,27934.7
26873.9,4092.78
31394.9,7997.29
8994.47,686.715
27923.3,11741.5
19629.4,20444.7
1258.28,12353.5
26601.3,23921.6
30352.2,4127.4
9078.46,26639.7
15616.2,26144.8
17098.2,18313.5
10824.3,9827.61
22189.9,872.783
18443.6,7418.52
17852.1,14183.7
2050.52,14955.9
9450.39,18422.1
17526.5,12336.1
24570.6,26298.8
4295.5,23863.3
12807.5,26380.5
23016.8,2659.61
28157.9,25206.7
22241.6,30474
5917.92,11577.3
18763.7,13685.3
18812,6858.7
3544.48,22371.7
29316.2,4688.62
31945.4,27271.3
22899,29480.5
6773.47,17669.2
30678.4,18785.4
6089.08,8696.48
8727.87,21056.7
8898.49,3567.18
32748.7,20669.6
1781.83,9067.56
21732.9,12804.5
7688.52,5987.86
6367.03,501.171
4150.8,5568.2
24722.6,12196.3
25807.3,28129.5
5639.8,8666.6
25269.7,3865.41
282.062,7058.18
16608.8,21804.9
8190.31,28797.4
9947.34,9429.22
20406.8,2431.72
32069.1,22595.5
17564.5,14639.8
3665.35,31640.3
21214.1,24667.5
30278.9,22888.4
1788.58,25218.4
25600.8,22336.6
3659.96,27224.9
10605.9,8732.55
28533.6,32326
7185.6,10993
4854.4,25830.5
17794.8,29472.8
7072.27,22923.5
25581.6,10504.7
3865.59,4279.76
14991.8,5237.17
20056.2,3235.68
12860.8,21290.4
24107.7,16827.8
18908.2,25948.8
32692.9,2848.69
22249.1,2613.17
6375.32,28452.8
5619.86,27733.2
27918.1,13266.4
2844.85,7756.77
9541.46,17251.8
12956.2,26402.3
10494.8,24777.7
317.748,24272.9
18046.8,11304.3
13536.4,23236.6
11103.4,30552.2
29943.1,10849.7
11532.4,27237.7
17161.5,9084.56
24904.6,30736
15154.8,32481
1703.6,8778.39
9376.41,1227.99
15634.1,3775.08
21014.6,2414.05
3656.21,27465.7
21100.2,14705.1
18008.9,8825.06
28942,13934
7208.47,24595.1
1657.32,880.863
10737.3,25998.8
6337.81,16765.9
13760.5,11928.5
19469.2,15369.7
18934.2,26001
8985.61,17792.6
7625.12,10250
4020.14,25533.2
19906.1,6990.8
21312.7,19605.6
25661.1,20697.6
12084.7,12877.5
12780.2,31450.6
26013.3,24608
30292.3,28855.6
2456.41,9914.24
22606.6,902.417
8154.75,6335.8
11911.8,8852.5
3881.46,5956.87
6145.45,20449.7
24800.5,11861.3
25743.8,25762.2
20847.2,16750.5
19805.9,9662.72
12504.1,2050.54
32102.2,10322.3
4915.84,23031.4
27132.7,1581.61
20779.9,19495.2
31556.3,25172.9
22655.1,7393.72
1207.37,15743.6
19586.4,28774
3490.31,6809.85
30364.7,23916
27046.5,29508.7
1734.01,18847.5
8505.86,31828.3
9234.2,5659.01
10787.1,14927.6
19744.7,7155.73
28674.9,26100.9
2218.44,30893
11463.8,8368.92
26105.7,10948.5
4407.21,31018.1
19822.2,32293.7
15722.3,16313.2
8442.73,18610.5
2383.91,10984
11431,30402.8
7463.33,19449.1
26380.3,26526.5
23045.3,21343.7
475.305,6662.48
4692.43,9538.56
19032.6,10410.4
4689.23,15871.4
23000.7,5809.18
30861.8,26277.9
5702.84,27702.3
24173,14714.3
675.192,8902.19
20649.7,30324.7
24449.2,25059.8
6096.81,10176.1
7047.74,2948.21
20674.1,5694.57
5105.85,6291.87
21813.4,3587.76
9485.13,17774.1
29745.4,29398.4
2750.59,3686.24
31380.6,9395.96
4348.49,31811.2
2959.05,13388.3
5203.31,16573.5
18726.3,26498.8
21088.9,8964.55
19636,3568.16
2647.68,15418.8
28516.7,9569.57
28032,1012.82
25274.6,20053.1
24500.8,11453.7
6408.98,4224.02
2021.81,20627.4
32249.9,28491.3
12436.8,28007.5
32522.1,20049.3
30810,12705.9
25611.7,9699.6
21086.4,6298.31
30627.3,1925.61
22244.7,22304.7
32713.6,29295
25532.7,6134.04
1612.86,30731.5
3279.38,2129.69
29004.2,12413.3
23704.7,13404.5
27582.5,32535.7
25765,13237.8
7660.4,9953
7705.86,9710.03
13811.1,12056.9
6700.93,32525.6
16451.1,6060.52
681.875,9228.75
20515.5,24000
27247.5,22361.2
30762.9,20525.1
28145.2,30039.6
4807.98,13311.3
9142.78,220.383
23225.6,14582.3
23770.6,32689.6
21400.7,15879.3
13707.8,10005.8
587.747,26073.7
30093.1,22587
30095.6,31560.3
16567.6,27846.1
7799.57,9702.45
6003.11,21331.1
30950.1,28277
10049.7,31728.8
1046.36,4973
27445.6,5278.83
2837.3,11644.1
7285.73,5587.94
15682.2,9217.62
29372.1,7930.52
5846,29072.2
13529.9,8946.62
6484.38,14450.1
6449.11,25739.1
21535.2,10018.8
30265.8,17164.6
15589.5,11473.2
17148.9,22191.3
22572.6,32226.9
26523.2,23843
12749.5,26735.7
24008.8,30217.8
9590.54,30914.4
8522.25,12152.9
30502.6,28125.4
28797.3,25209.4
15285.2,32243.9
23759.3,24461
4425.22,27372.4
11075.2,27425.6
10210.7,26341.4
1266.8,2591.06
6607.87,18605.1
30597.6,7777.72
5174.18,4169.66
17852.3,21300.8
20368.4,15217.5
2026.31,23002.1
22570.9,27154.2
7287.84,30218.4
9894.35,21194.2
26717.7,23150.8
2168.78,1902.55
26539.9,21795.1
22633.7,2439.29
3589.91,19517.3
1816.66,11985.1
30498.3,2624.7
29556.3,21947.1
26445,23208.2
4931.4,27114.7
7140.01,30306.6
27550.9,14517.6
27612.1,16464.5
22898.2,5546.06
14395.5,20937.9
10752.1,20232.1
11420.5,22295.8
862.458,29251.9
20399.5,15352.5
7413.68,24708.1
25527.6,10269.4
18433.1,13094.8
5898.54,19374.4
18452.9,28730.4
1172.48,31684
31635.4,3843.8
1108.6,7917.27
21560,19579.3
19421.6,27052.7
8077.63,20428
24278.8,27382.5
8054.1,7896.74
20347.1,26806.2
29352.6,25265.9
20251,3146.54
19756.6,31778.4
3735.83,24323.7
222.396,26660.9
28393.3,5801.33
21999.1,29802.9
410.785,12789.2
13158.7,17366.5
22860,25878.3
6043.49,8961.53
10797.7,22060.6
24763.9,11447.5
14985.7,10704.8
25927.2,15992.2
9017.65,24458
23701.2,15609.5
24621.4,32345.8
5965.46,10401.5
12519.9,4399.33
2029.61,524.933
18687.9,29554.4
6982.94,32395.9
20640.3,28028
24829.5,3234.62
13577.6,8475.61
1035.49,10377.9
18700.9,17938.7
4925.19,172.708
13715.7,13975.8
6580.71,27179
14870.8,19411.9
1893.41,9562.56
15654.4,2661.52
27035.6,29249.1
11494.5,7903.14
29552.2,29981.3
12172.1,10823.9
22104,27358.2
9188.76,24216.4
27287.4,11687.6
29134.3,27454.6
10181.7,2386.24
10939.1,14750.1
27985.3,24553
31284.8,31115.1
6907.39,7726.23
26195.5,32210.8
31065.2,20.8907
24647.1,26799.3
29267.9,9539.33
9428.74,10325.3
6567.15,30103.8
27857.1,17258.7
1381.36,21922.3
28073.6,30089.7
30324.5,11046.3
10714.4,7103.28
20747.2,12700.1
4473.83,28942.1
25913.4,7856.51
29356.6,6893.65
1886.53,5826.55
14894.3,1477.6
30896.9,29031.6
975.13,4470.43
8119.8,19942
31474.4,3536.66
4304.92,30651.7
2829.65,1820
26286.5,6935.9
24620.5,25231.7
27348.3,18782.2
14190.9,19164
3613.76,19879.4
32647,27812.8
12596.3,20800.7
18747,764.111
15644.9,20520
2025.45,13294.3
2986.39,23955.4
8702.64,15610.5
8198.25,14442.3
20862.6,28560.4
12077.5,12232.7
21632.1,32152.6
30834.5,22397.4
28079,5611.87
28152,3215.13
13513.1,20695.7
11577.5,18868.6
14114,27807.7
18307.2,19418.6
26658.6,23032.5
23158.9,1695.23
25027.4,6285.42
30856,26841.3
29973.3,25467.8
24960.7,28943.9
2746.19,11734.2
2813.36,4606.14
21354.1,28451.9
30961.8,26389.6
18544.7,16348.1
26143.2,14585.5
31787.9,17903.9
15521,20994.7
14990.9,28991.7
24165.8,8892.78
31136.3,2081.41
15786.2,13927.3
6653.22,992.22
17799.6,30584.1
30547.1,15674.8
4709.93,17430.1
18662.2,26849.4
31361.5,21149.8
21004.9,25595.7
26219.6,26142.8
25266,20642.6
31114,21213.2
10197.7,612.436
2708.63,21201.1
19466,15044.5
27674.3,10792.2
26614.7,13752.9
1274.08,7105.69
17110.5,1577.27
14571.5,11696.8
25336.9,17014.9
8438.49,15806.6
28224.4,241.682
5111.36,26086.9
23205.4,9312.24
32544.4,12505
28338.8,30845.4
3702.96,7802.68
4613.43,7799.77
9554.88,30818.9
28115.3,18799.9
9954.55,30301.5
23906.8,19196.4
3749.41,13036.6
11917.3,28583.7
22770.5,28609.2
12868.7,11119.7
15218.2,10823.5
7434.01,5702.34
11682,23.282
14197.7,14482.3
16721.1,25476.3
24241.3,10158.9
19239.2,8208.8
21757.4,29287.8
23325,12020.4
25132.3,23935.5
1277.66,23452.5
17446.1,28717.2
30956.5,14376.6
28517.3,20634.1
27613.1,25068.4
8056.08,28773.4
20505.6,5617.55
14211.7,2337.08
23998.8,5490.18
29373.7,26834.3
27453.4,23136.8
25840.4,3700.79
5595.39,7135.96
19196.6,5748.05
14897.6,8903.62
11094,30516.2
15532.4,28196
18049.6,3467.61
8717.02,10165.8
22427.4,31043.6
30698.1,26736
9427.28,18841.6
3371.49,19709
24555.6,31169.2
31374.7,23095.4
22203.6,15711
31524.3,12718.6
29614.4,7439.56
5330.56,5672.08
3651.23,25310.4
4305.87,16411
2957.65,22222.6
17455,564.762
20147.9,19287.8
10314.4,15828.8
31089.2,31200.9
17243.9,10125.3
31893.9,12106.6
24809.3,23465.6
30851.5,18534.4
6738.36,17060.2
28081.2,32377.7
12103.3,17837.7
15659.1,959.058
11852.3,21289.5
30993.3,28645.2
27964.5,13104.6
1300.34,31886.6
20931.1,11278.5
1789.79,4559.4
27106.3,30403.6
10022.9,8883.96
21615.2,900.7
8446.08,22968.1
31122,3640.56
9097.62,5456.86
4937.63,763.303
478.611,13409.1
1508.49,12958.3
13224.9,12997.7
2186.81,22308.3
9638.25,5578.49
7603.63,26695.8
23082.5,10419.8
23467.1,16370.1
22943,2357.36
1302.11,3780.79
29435,1020.51
29030.5,8339.54
19535.5,16676.1
17766,28903.5
17215.6,16575.4
31667,3963.07
7555.75,10069.7
15677.4,21695.4
2404.56,23136.2
2507.61,26201.6
28226.9,27852.7
12404.9,2975.59
3344.04,23421.1
6183.65,21022.2
28886.4,6601.26
22564.6,535.54
12077.5,28153.7
8321.57,25340.4
30919.1,7628.4
29350.2,20471.7
31205.6,27380.3
10704.5,7268.24
2782.82,24471.2
21394,18514.2
12447.4,27344.1
22607.8,1286.54
27941.5,19756.7
29634.6,2424.41
24581.4,21805
32118.9,14036.8
14053.6,27593.2
334.021,3322.41
28160.1,28908
10238.8,28415.5
24742.8,26610.2
28561,14249.9
10681.4,29742.3
13281.5,7671.09
21553.6,9575.94
1825.95,27030.7
23449.2,5205.18
23126,30573.4
31888.2,20264.9
30170.2,3603.23
21833.6,5633.57
16856.7,595.331
22027.5,26487.6
24275.2,11183.5
434.822,23828.7
3615.06,10458.4
32300.5,22485.1
27238.3,29756.2
29949.1,31918.6
28709.1,18546.4
17339.3,259.685
22060.2,21708
31891.4,18224.8
13857.4,16845.1
14018.2,19202.4
1277.03,1454.53
12060.1,24123.2
23438.3,2268.93
14473.7,13586.7
3828.43,6773.32
31875.2,17073.3
6436.66,13519.3
2970.02,26038.4
20839.5,4593.47
15856.5,25778.9
29916.8,4119.42
25533.8,15021.8
32498.4,26163.1
17868.8,13216.9
20975.5,10343.1
30203.4,22777.4
12140.7,7307.25
28607.7,11802
215.235,24237.1
2206.18,15579
28655.5,21900.1
12468.3,29189
20299.5,30493.8
815.362,18899.7
21204.6,23814.8
9938.73,19580.5
6214.38,10535
32373.2,23205
32691.4,14858.4
10628.6,18917.8
21504.4,12153.2
21628.3,20813
17254.3,16106.9
22898,17887.4
10226.9,22536.8
12426.5,10000.5
8198.67,6453.24
12419.8,31563.3
30422.9,5124.12
7979.2,31854.2
23788,25022
4580.53,5195.14
28836.5,2013.29
7717.32,10536.7
5808.91,11412.6
23035.7,14911.4
8853.72,6981.92
11395.6,19519.6
20268.7,6409.34
28274.9,9673.38
1826.96,2348.68
23182.5,23539.8
32120.8,25008
20018.7,11976.5
5636.69,28612.9
22990.7,13766.6
7662.55,27733.1
8548.07,23647.1
21556.1,24702.2
3340.47,11897.6
16935.9,23054
18801.5,29935.1
25580.6,28682.1
6226.89,8717.07
8444.83,5930.14
28930.8,3608.45
5284.68,18010.7
28905.9,963.93
9861.06,27450.9
7168.53,7355.05
29461.3,11934.2
27993.4,28188.1
1053.72,2319.03
14228.1,1273.03
22841.6,10056.9
21867.4,13016.1
16475,7866.59
10791.7,10804.6
32327.6,29192
29225.9,27385.9
18200.5,25996.2
25442.6,32524.6
1722.76,9168.3
7643.67,1729.47
31086.4,12823
27694.4,5474.16
5194.51,13521.8
21514.6,23982.2
15798.4,1065.9
30388.7,11864.3
22000.1,4219.19
16769.3,16004.9
3977.07,5847.62
28252.7,19022.4
6117.88,9600.79
21574.1,32580
4031.82,28783
2001.94,14565.3
21411.4,30160.6
19364.2,3371.46
5234.93,29316.9
20731.9,10495.4
16354.7,9885.83
18468.7,31934.4
14587,27109.4
16642.6,14524.5
24730.9,4184.4
23438,6589.44
28146.8,7845.96
18513.2,1405.42
5895.99,20145.7
6379.29,30505.8
2353.48,25620.6
24719.6,15332.7
12703.4,20633.1
9349.61,32579.5
21969.6,10434.7
7335.13,10194
31773.8,26691.9
17380.1,907.081
9259.53,1666.83
14528.2,17509
20344.1,23325.3
28114.7,19652.5
22999.2,21092.9
10820.7,19458.9
8683.05,29147.6
23127.9,10989.2
431.642,11449.3
12252.1,18504
5870,2156.9
4796.36,1352.56
23499.6,4370.04
24946.6,8728.41
3899.98,7681.09
395.239,27222.6
28038.3,26177.8
16429.9,12692.5
14537.2,25868
653.218,8152.25
4471.81,3669.36
18039.9,19996.8
7891.67,21310.1
29386.9,13006.7
1912.97,30368.1
30713.4,24145.5
14801.8,12679.4
16523.5,1914.27
1185.8,10164.9
29084.4,26645.9
32636.3,11289.2
31578.3,26974.6
17228.2,21856.6
31113.1,8327.27
29390.1,25189.6
25600.8,6968.64
4882.65,28343.6
3881.2,31755.5
13310.9,30491.8
31876.5,26380.3
26828.6,11784.6
31525.9,15935.5
4231.2,8236.73
6194.44,11802.7
28306.4,10471
24422.1,2566.96
4897.93,14026.2
27536,30946.2
5054.76,24609.9
18197.4,29057
5061.34,18278
7274.17,1831.93
7401.28,20426.5
13978.4,1551.79
18349.5,8625.34
20934.8,24552.2
13291.3,32562.6
15264.5,26707
20816.8,26778.3
17391.3,24935.3
30686.3,4330.31
32015.8,22573.8
20585.9,8789.93
19566.4,20773.2
3355.82,21188
19216,17599
29168.9,18513.3
30219.6,27618.9
11578.7,19918.4
12043.7,23657.1
30.371,22336.5
3279.98,30113.5
14101.1,22109.6
31658.8,7372.64
29293.9,24338.3
11780.5,18849.2
16069.7,7167.47
23767,25290
32148.4,4857.43
22578.1,27236.7
7587.81,14727.5
26553.6,31363
9102.15,22885.6
31523.9,4523.94
583.546,17668.1
10939.1,12120.2
17299.2,23560.8
2015.03,16503.6
139.739,24521.6
15748.6,23530.3
10780.1,6098.1
176.191,20232
8584.46,18021.6
20734.9,31259.7
8419.36,27894.4
2334.35,31969.4
29590.7,24747.6
16211.5,13067.2
32480.2,12002.7
30195.3,193.779
6735.77,20908
7146.83,28444.7
14411.2,13385.9
23863.3,6314.4
24204.4,1974.04
17261.5,26094.4
28319.8,26396.8
9779.75,6621.74
15974.8,19549.2
27589.9,11874.5
149.156,21644.9
6513.68,219.413
32053.8,21617.1
13339.3,20121.3
6692.46,15625.8
28858.5,356.742
13203.9,20483.8
13528.7,19445.2
17543.8,9284.5
26390.7,5754.37
24409.7,31332.9
4005.25,15126.1
30262.7,24879.9
18638.2,4703.91
29599.6,10790.4
32619.3,20446.6
8938.62,11771.7
876.26,11922.5
26815,24856.2
26707.2,28013.7
19356.9,14360.9
13752.9,7125.64
19538.1,23629
26566.1,13860.1
3717.19,12344.3
16316.6,4648.44
20784.8,9236.65
25708.4,7076.87
14111.9,23116.4
21184.1,24782.6
24435,7168.78
7728.42,28367.5
20002.1,7556.89
333.726,32326.9
9332.94,4832.6
15930.9,28614
10631.1,5201.06
20269.1,6226.78
8908.79,21191.4
26355.8,24040.5
31880,7270.78
16745.9,9203.03
16979.4,12549.2
17412,2007.61
26524.2,26289.9
28233.5,28010.4
24612,7723.47
6741.5,23413.3
2173.44,1894.12
3414.21,10296.2
24213.3,13834.5
22544.6,30179.5
2597.92,1524.14
1882.46,32542
13633.1,20403.3
9375.17,13185.5
13516.2,27916.8
1629.01,9244.06
257.712,3447.12
28841.3,16368.9
32236.9,23200.4
1449.77,24692.3
5102.67,27880
1560.07,9745.79
6204.02,4065.55
25030.4,9383.59
1376.66,22229.6
6166.04,24583
951.881,319.422
26750.7,6261.5
16881.4,12112.5
21259,26415.2
7573.58,26220.8
26841.8,10978
7034.32,26027.3
27806.4,17453.6
12367.6,19032.4
17185,8746.92
22805,1141.54
13243.2,7906.94
926.674,6965.82
30942.3,11219.8
18199.8,16769.2
8330.38,20078.7
27773,14964.7
15577.1,27803.2
18206,3551.48
25716.6,26931.7
23840.1,3269.65
796.531,4228.72
24575.4,9696.13
31266.6,21712.4
29957.7,2586.99
4335.75,23247.3
19925.1,8468.6
13693.4,22056.4
4324.76,19875.1
3292.63,13820.9
4601.27,590.844
21422.3,8540.24
23220.6,9682.14
3755.4,17358.4
772.17,18334.9
2846.75,27084.1
22959.5,9303.75
12134.2,27972.7
23759.7,31317.7
7030.04,29209.1
591.752,11813.6
6485.95,29345
20594.9,16133.3
23967.9,7204.35
17996.1,2922.01
6146.54,31587.7
5191.89,25981.9
21442,30991
9375.91,30617.6
10293.9,9806.82
29670.1,30927.3
14663.9,22842.7
14721.7,12643
2040.26,6497.87
24618.2,20301.4
4825.03,23622.3
20076.1,2744.29
18067.1,4575
32554.7,6790.21
15968.1,277.336
27160.1,30922.7
21647.7,29767.4
15423.1,30541
772.267,13767.7
24702.2,9226.41
5046.28,23643.8
22532.4,32177.3
8496.72,26557.4
25303.4,30760.9
26384.5,11548.7
30800.8,20741.2
25227.5,5017.04
3996.38,13334.6
17127.3,8394.96
14397.1,12249.4
10752.2,21819.5
647.648,31236.9
15555.1,22760.5
14371.8,1022.41
950.187,30660.6
25744.6,24420.3
7022.87,28213.2
11677.9,29317.4
13591.7,1430.49
31728.8,31974.1
26352.3,179.968
29570.5,27583.6
19660,22609.7
15392.9,32380.6
30867,18339.9
6635.63,15165.6
12991.7,10454.5
21978,13142.7
2783.48,8582.35
30259.5,6096.82
14359.5,8007.32
18197.4,7655.45
18846.4,9245.36
13041.3,13194.3
10046.5,25348.9
27403.4,989.3
25048.6,11368.3
24574.1,19386.6
21469.5,10926.4
2614.35,32300.7
4566.24,28330.4
629.947,14578.7
10973.7,19494.4
27215.1,2306.68
14627,1634.57
9389.94,32516.4
16999.4,19598.2
24141.8,5075.75
26756.2,1618.96
26176.6,23807.5
27108.5,28743.9
22123.2,4430.22
29190.7,2171.46
3078.61,23862.5
14845.3,19184.5
28705,1892.98
30960.5,15901.4
4122.37,25913.3
9371.73,20332.8
1575.15,8008.1
460.206,32699.4
12755.7,17882
1255.58,24539.1
16505.1,13672.4
610.901,23828.4
1482.35,19239.7
12105.6,23967.5
9293.04,27000.3
29116.6,11563
1498.79,19572.5
364.379,14680.1
9246.5,11880
22562.8,7742.65
8474.69,15441.7
29240.9,743.898
12195.2,23142.6
24349.3,17873.4
19428.6,14479.6
8661.24,31086
17367.4,14055.3
24951.9,12452.4
4048.57,6719.28
27054,6989.02
31475.9,4251.44
31545.5,29367.8
7096.8,1458.81
27754.3,13861.6
7278.14,18290.8
6571.57,14156.1
21429.2,31354.3
9716.81,30423.3
11523.4,24222.2
2902.9,20708.8
24864.1,25446.1
31603.1,31109.9
32425.1,3215.6
4100.8,18752.3
17041.8,9865.12
19282.7,22927.3
16539.3,19191
26813.5,29025.3
23522.3,13618.5
32056.9,16791.1
3922.64,26311.8
26572,29064.2
1580.7,7156.18
4623.49,31613
1157.82,4143.75
182.134,22837.4
8135.12,4767.72
13313.3,98.8429
18223.2,27296.1
22600,12074
7245.13,3140.52
18037.8,2216.71
7048.46,7373.01
21640.9,360.431
5271.43,18228.1
30229.6,7151
29449.2,24740.1
11458.4,30000.2
22206.5,23808
18634.5,8472.82
31851.7,4953.27
31101.6,22275.2
30234.1,21113.1
11709.6,28228.7
13223.2,17755.1
17538.2,10913.7
23365,10160.3
3415.22,22741.1
29176,19035.7
6363.58,15117.6
21527.9,26614.6
22849.5,17771.3
32211.6,18764.3
4816.92,10886.6
9131.28,14812.9
7268.96,14312.7
6900.85,19548.4
28651.6,654.994
4696.83,28468.4
2793.16,25451.7
6739.04,20735.4
7924.66,17382.3
32183.6,5389.89
4665.32,14937
27178.9,22500.1
20469.9,30351.8
26787.8,954.253
26876.9,32333.6
9712.05,29948.2
1078.03,14793.4
2867.46,28362.3
7965.41,20525.4
9824.7,24441.4
7745.51,21526.9
25281.9,29968.5
11716.7,16408.5
4466.24,460.221
29150.2,17209
16869.3,12444
1882.89,23919
27232.9,2469.61
21526.8,19502.4
24698.9,18111.2
10119.9,18132.8
8609.25,30710.6
11059.7,2873.21
27543.8,30730.5
9014.93,14888
9456.07,12527.8
32446.6,988.72
5525.05,12366.4
14478.4,9354.43
28485.8,3074.36
1918.95,12503.6
9743.32,5788.08
24314.2,12893.7
6361.99,25567
16255.6,5162.43
2524.32,7493.84
22305.8,24385.4
26405.4,9848.33
29191.5,18199
25366.5,4570.91
15085.1,1559.01
23778.3,25854.9
19362.6,2591.51
6421.83,11566
3464.96,28929.2
18954.1,25569.1
27158.8,21763.5
26739.1,9037.89
19289.2,26975.9
23509.9,10963.8
27758.2,26307.2
29449.7,13196.2
31242.5,18386.5
11452.4,5318
755.463,21922.5
20464.5,14460.7
14469,1084.67
21625.3,24551.2
32557.5,7967.99
7040.11,14317.4
20208.6,17853.1
30723.1,15786.2
25574.9,14332.5
1875.6,29423.8
16055.1,29367.9
22933.6,25280.9
29989,7226.69
27202.2,30165.6
21123.7,16585.4
26791.2,5914.6
18486,24346.6
20581,10287.4
11834.1,17622.6
20978.4,17896.8
21408.9,15133.4
2838.31,23758.4
24329,767.834
3951.49,3484.94
32556.1,8707.87
16622.5,25027.6
27477.8,32419.7
30808.7,20455.6
13284.9,19662.3
32197.6,4191.15
25290.1,19045.2
20772.8,16825.7
27664.2,19391.9
17078.8,23859.2
28240.6,6182.79
23438.4,31555.6
17209.1,5719.27
5656.35,26641.1
24592.3,18694.6
26254.1,2039.11
1578.66,6999.41
4996.79,3080.74
17266.6,32102.6
24158.5,30342.9
17129.3,20671.1
31700.9,28522.2
27937.3,9447.45
23669.3,26849.3
22721.5,17362.5
17697.2,5065.61
2821.09,3692
14222.8,9271.54
2107.65,10511.9
10948.6,26100.3
13382.3,30738.3
5025.36,8444.97
798.285,27704.4
15702,19967
31055.2,7997.39
29159.3,6879.18
31862,16462.3
29359.9,16183.9
29639.1,20622.1
16602.4,8402.85
14474,12178.9
13801,18480.7
22169.5,30693.3
27697.2,9477.34
7395.67,11141
30556.1,8890.22
32236.1,12388
27879.3,3306.3
16459.3,7399.74
15522.2,17382.6
32554.1,21610.6
22836.5,16689.3
31434.5,29626
12436.7,27653.5
14589.1,3482.55
29841.3,15820.5
30121.1,14143.2
13131.5,13992.2
25420.6,25812.3
16311.2,8684.15
15219.8,5623.67
27167.1,10912.5
8001.49,21049.5
2208.48,16385.4
18414.3,30114.7
20394.9,18942.6
1861.05,19755.9
31364.5,11708.7
6181.57,835.587
17349.9,8724.03
16129.2,23627.9
11740.9,21520.7
14945,17177.9
7049.45,23410
862.242,9592.13
14433.5,32556.6
24105.2,8358.63
12622.6,18919.4
14981.6,32213.1
15628.8,28290
25673.8,32428
29870.2,31880.2
991.357,31171.9
31767.5,25793.3
28360.7,18218
31361.8,19877
18453.8,31969.7
25338.3,14301.5
28912,31585.1
3297.17,29388.8
18704.1,18962.4
7278.55,24837.9
16199.5,17363.1
15143.1,3280.7
12793.2,4982.48
8300.7,3242.38
8091.33,65.007
27116.5,14275.2
10040.9,2671.26
17453,10879.4
22769.7,22445.6
25352,6901.34
22136.9,28573.8
18987.2,32115.4
17300.2,18518.4
26006.4,30967.6
1697.32,8929.25
29214.2,11191.6
22797.8,14269.6
13804.4,16282.5
10203.4,13149.9
2303.23,20157.3
17444.3,677.562
11686,6128.02
25489.9,28529.5
30983.3,822.013
28898.9,3341.41
19355.7,30280.5
11371.9,29886.7
22960,30994.5
7313.06,21048.8
17381.5,10804.1
20049.4,16421.3
32689.7,899.941
26041.7,29861.5
4060.89,28294.5
32365.9,15816.1
3333.84,10489.2
23588.4,19990.9
32283.2,31053.5
27433.2,22791.3
228.771,13094.5
4314.37,32651.8
17017.6,3036.48
19500.7,3204.52
18375.2,16123.3
9765.67,327.895
1551.29,707.389
29280.4,29215.6
19304,19624.5
24461.5,13001.4
30520.6,26066.1
22511,21241.4
702.509,20383.6
12764.9,27349
22923.1,30748.9
12352.2,14195.3
516.669,16016.7
21274.4,1895.78
5602.71,18417.7
30717.9,30511.7
2738.19,9069.72
19088.5,32196.7
19030,16099
1295.86,18702.9
7041.37,11110.5
200.681,27243.5
23103.8,12736.7
5791.3,21295.5
107.721,14061.9
20363.6,8479.91
32310.3,28828.2
25878.7,15093.1
25255.6,27059.1
4577.77,15583.7
21526.8,22216.2
12829.4,13568.2
22704.6,15016.4
13331.6,12269.8
28406.4,23252
22685.9,5426.15
30270.8,1021.59
17323.4,21450.5
26416.6,7823.83
23743,24234.5
23626.5,4901.96
32625.6,31031.6
27229.7,32526.6
31724,21451.3
18702.5,14543.6
26479,30773.5
19286.1,9375.32
15565.6,1590.51
10242.8,22764.3
19693.4,16389.2
4659.76,4821.99
32586.2,26315.1
8670.48,31406.9
25204.4,26407.5
3150.25,14464
3214.89,21931.4
11422.2,22662.9
19406.9,15197.4
23615,32689
9985.97,12855.6
7032.21,28708.6
11780.9,20904.7
2528.13,23992.1
6731.41,27409.7
12006.3,4730.01
16222.9,5705.47
4682.97,25384.1
19287.6,3609.85
9378.38,29625
22373.6,23744.3
30678.7,19409.5
18508.1,22641.2
18340.9,15184.6
32483.6,28625
21020.2,3780.69
22677.8,18040.4
37.6782,5107.92
32737,8568.1
24055.2,28243
3289.35,9170.15
25502.5,15249.5
30118.8,23290.7
3453.26,2061.88
20226.9,7005.99
17609.8,4955.11
23741.9,11480
6154.48,25796.1
29242.3,18236.8
17309,12228.3
8943.57,24272.8
2613.79,2186.57
17128.5,16591.6
23893.6,26746
14149,32742.2
21976.8,686.014
5814.35,12471.9
31849.1,26737.3
6662.85,30297.5
25099.4,32195.4
23693,24278.6
2195.65,15832.9
27837.2,4012.28
6953.37,20376.9
11414.7,16972.4
30410.6,27168.8
562.953,4254.53
713.865,2368.96
22586.2,4474.62
22857.9,29179.8
28271.3,17714
16324.3,1803.54
31267.8,20994.6
28552.3,27994.5
5820.73,4261.81
11829.8,138.357
1591.57,26820.4
13888.2,5997.51
16803.3,32125.3
28531.8,6286.63
22947,10722.8
30570.1,24230.3
9964.56,19832.6
31256.9,27944.7
19148.9,26811.2
23104.4,29878.6
32673.9,2457.77
10748.2,10153.6
14686.8,2034.97
29498.9,24205.6
5642.39,4639.26
20537.1,3234.72
7745.65,2408.48
21521.4,1116.58
21937.3,11916.9
17192.8,3044.55
7070.44,7740.15
7102.53,16790.6
23390.7,7584.68
28258.1,20609.1
3293.79,14033.9
1658.12,29929.5
1307.13,9566.57
25279.8,20680.6
5801.64,4808.69
32192,4169.5
560.355,8965.89
26201.7,24139.1
14058.8,20736.4
10308.5,10469.3
25382.7,6935.05
1161.65,13788.4
21704.7,32668.2
31236.3,1838.05
10696,18774.2
7655.78,3979.99
20654.8,11261.4
17463.6,14038.7
22811.9,12480.8
30798.7,11944.5
5187.33,29378.7
17751.4,5838.88
1388.63,11161.2
20180.3,29126.6
8818.15,4046.33
14619.5,26950.2
25666.8,31585.6
25045.3,25269.3
10082.9,28226.3
26750.4,25520.4
23655.8,22744.9
1768.12,18054.8
2173.09,14461.1
14776.1,16060.1
5603.49,1024.37
14567,11658.8
29805.3,26658.5
16450.3,18012.7
2560.73,21530.4
10219.2,850.854
29465.2,22034.9
19670.6,27073.5
4934.21,18343.6
18764.3,7856.96
30123.9,19052.1
32107.3,19291.8
32127.9,5224.14
26532.6,20915.2
26252.6,3219.97
19772,20700.3
5555.9,14173.7
13004.5,31149.4
14693.5,29480.1
9409.51,13108.5
14891.7,1225.89
20444.3,3888.88
31519.1,29706.1
27059.7,3733.95
27250,14379.8
26926.3,13835.7
25059.7,13404.8
3852.06,29295.2
22349.6,1093.67
15963.4,19793.7
23834.7,6270.31
9475.62,29045
29385.5,8983.81
13372.3,32593.9
9581.45,21522.9
26899.2,12693.3
45.9163,26084.8
25833.8,20894.3
19653.3,31224.8
22004.1,31746.6
9219.83,17708.3
12221,13576.2
20043.2,3153.28
13215.1,19757.8
29715.5,28847.8
18766.8,5536.05
7783.13,3200
10061.4,25798.7
1895.09,24431
19319,27319.2
15045,2850.05
17272,21951.7
1607.53,24493.7
17745.5,18142.2
14923,14363.8
6104.82,5704.06
14908.8,9962.95
19253.1,26598.6
23841.4,29323.7
16742.4,4051.43
7696.92,25062.4
1724.1,18144.6
7348.23,22740.4
31323.6,12049.2
28108.2,17572.3
18110.9,10270.7
15275.6,22679.9
10801.4,29682.6
14008,6755.53
3925.75,11055.1
21998.7,16051
30111.1,424.559
26461.7,21925.8
10713.2,23269.6
28839.2,18251.8
20128.4,11939.3
24453.7,8235.73
13541.7,15698.2
2624.82,11711.4
1132.67,5269.09
56.5315,27382.2
13392.6,25542.4
10848.3,15537.6
21372.8,8303.53
15296.3,32327
8499.25,31441.2
29169.5,24065.4
30090.8,8801.72
9637.44,2462.58
31209,23110.6
11037.6,10960.9
12685.1,24029.1
688.984,13245.6
21001.7,5429.18
22859.2,31615.3
27584.8,6547.11
22763.6,10917.4
25197.2,2543.76
18725.4,30640.5
13723.7,12149.6
32671.1,13207.1
6445.34,29189
8340.97,9795.65
24023.2,7347.7
12116.8,15124.5
10659.1,29256.1
28353.4,32090.6
110.049,4543.3
4563.62,25820.3
7272.58,10953.4
15381.3,29269.1
5784.57,586.709
21030.3,7154.59
24405.5,18137.8
6713.93,2517.63
1741.69,13636.3
11413.2,8853.34
21890.8,3338.68
13334.2,26555.8
13512.3,21727.1
32426.9,8775.1
26441.3,28459.5
24021.8,24361.3
4482.16,32395.5
22317.8,15305.6
4675.43,6734.13
9439.27,639.089
11058.1,21242.8
1576.93,5915.54
31048.6,1733.86
24541.4,13151.5
15699,1564.67
11491.2,29568.9
29811.9,2080.74
16055.7,12969.6
16541.4,28451.2
19944.3,14199.7
8474.14,23855.3
23192.5,12414.6
31497.9,6272.15
23807.4,194.952
29145.8,16389.3
17896.1,23615.1
4048.96,20451.7
20273.4,13410.7
16007.1,30194
7247.59,29838.1
3948.46,13886.2
10952.1,3736.17
21566.5,24455.3
4792.58,22348
1940.36,20417.5
5965.24,13030
1367.43,2197.9
1866.63,4504.89
4931.31,5086.89
28039.5,15369
14698.7,14381.2
4464.96,28628.6
27313.3,32070.5
18306.2,19463.1
32081.2,160.69
4561.08,3490.98
29528.2,6633.96
4229.44,7198.34
4901.85,20352
16983.4,26083.7
20463.5,6904.26
5401.28,3280.05
575.614,32156.9
17965,25271.8
28785.8,25830
4871.06,13790.2
10039.6,24326.6
14775.8,28031.4
8726.68,8034.37
18777.1,30280.1
17383.7,21264.8
17058.8,32476.1
8023.96,17757.4
2136.2,1105.93
3943.72,21577.8
8150.31,11952.9
8173.65,13577.1
16780.6,32120.6
17937.6,2180.57
14716.7,17435.7
26834.4,16342.4
6079.19,30335.2
14718.7,20690
12542.9,17790.8
23613.2,14967.4
28408.5,2919.56
24711.6,22912.9
28931.2,2171.85
2474,3290.68
31875.9,28530
26437.4,10788.4
15733.8,16882.1
15822.2,16947.1
22247.8,32029.9
16144.8,13709.6
17276.4,5637.15
4774.57,6384.14
1517.71,17966.4
11905.5,27084.1
10628,10259.8
32616.5,4805.83
4767.24,9123.03
24947.6,16435
7986.14,10943.4
26767,1185.2
5957.54,17854.1
30973.7,19793.8
28018.9,28650.4
12243.1,9910.97
20329,17408.6
7033.22,20728.2
1644.47,30899.5
17453.3,9332.15
10195.9,11562.7
1152.95,17977.2
5512.54,1405.69
12758.7,11404.7
20108.8,5948.39
5354.95,29542.3
3953.16,9705.06
12872.3,241.029
17118.6,12153.2
25298,31246.7
16911.3,18646.6
15419.5,1746.88
25938.9,19040.7
18830.2,26372.1
25738.5,19559.6
5032.01,22176.7
1968.41,29619.2
31161.7,16983.4
10061.3,3581.36
22984.4,19469.3
32001,32371.1
2348.23,8026.05
17407.2,31288
7444.49,5642.69
10639.2,5345.05
768.908,11421.1
3467.02,7416.62
26950.4,18119.4
4834.58,18557.2
30606.6,17393.5
24.6405,12641.5
22357.7,25526.5
28612.6,8713.78
3182.65,31335.7
20752.6,12753.2
7548.59,30087.6
14397.3,12679
3194.64,12368.6
32541.7,26603.6
7987.87,6188.21
13718.8,7734.55
30666.8,8509.65
25126.6,31888.2
32052.1,2774.84
4698.69,13975
5049.89,29695.1
15189.7,2015.01
9590.96,16373.8
27215.3,109.814
31454.5,19111.2
17683.2,8507.03
25396,27964
23168.6,18616.7
11539.8,21127.8
17161.5,28484.9
28390.2,7064.11
4406.29,13240.3
8048.55,21550.4
4640.16,14300.4
32325.5,14142.7
24056.4,19695.9
19535,17263.2
14465.7,28707.4
21579.6,8093.54
16786.6,5918.06
17225.1,20313.1
30101.6,19578.3
20783.7,14183.4
32267.1,7238.96
14648,29247.3
20997.3,20611.3
620.595,29837.4
9900.32,32168.4
6193.34,433.904
12218.2,24350.9
12986.9,28735.2
12286.3,964.162
3985.36,16000.3
23005.6,19052.5
31250.3,30447.8
32716.3,11868.8
9200.24,25789.3
5334.43,25551.7
19886.3,6221.11
32028.9,17521.3
16166.8,15290
11856.8,3047.97
4101.89,14155.7
8249.85,25668.3
16462,9733.31
3379.94,17045.7
8402.15,6681.92
684.477,4950.34
3006.86,12658.9
16807.4,14074.3
27917.8,31274.5
28477.8,20073
6929.78,10001
5399.1,22392.8
32495.8,5164.14
29173.2,6522.6
3361.33,6963.33
6699.5,25008.3
3570.28,14354.9
26654.4,4046.18
13828.8,32106.2
15563.8,29313.5
3789.66,22797.1
4160.67,29670.6
12054.9,10373.5
21025.8,5646.84
17275.7,7566.89
6693.67,16256.7
26350.3,29335.3
10391.4,22455.4
19253,28484.9
14037,13216.3
12646.3,15599.3
6100.42,21022.3
12914.5,2851.57
10395,26758.5
22423.6,1056.6
4290.92,16163.5
748.252,4442.32
21245,23986.8
10201.4,28666.4
11659.1,2023.18
21405,5467.68
19141.3,2534.9
1479.88,25486.3
16790.7,21707.9
22716.9,11734.1
26109.7,27427.4
31288,3372.28
27022,7537.41
29636.8,1213.77
19437.1,5802.39
17221.6,30311.2
7001.85,14521.2
17262.3,26432.8
1311,18684.9
25672.8,5136.25
13859.9,27845.1
13233.2,21969.2
2908.39,30170.8
13786,22070.9
4692.82,32501.1
3528.01,5153.43
22956.1,22596.3
30164.9,14379.3
4501.11,17386.7
2091.8,14624
31832.7,636.363
22350.6,20609
11983.7,12165.7
22163.6,16128.1
8426.91,28163.8
4770.07,24839.3
3627.46,25832.9
14841.2,4913.17
9770.22,2970.35
30057.8,26319.5
3346.03,18035.4
4246.58,9829.59
11298.7,21314.9
29307.3,10795.9
21037.3,1480.65
26084.8,31884.3
9242.45,21563.5
12787,20138.6
23909,13255.8
667.554,15576.5
24731.3,17672.4
8487.51,25375.3
6114.45,20625.2
31924.5,16826.9
9583.56,4968.72
691.671,29082.9
25615.2,23431.7
18280.1,10466
14239.3,29789.6
32366.8,3948.88
11667.4,25419.2
17201.6,25410.2
28019.2,29736.3
12658.4,27942.1
31065.8,5565.37
19911,17674.5
15988.4,1609.69
15896.1,26265.5
30088.1,20478.4
21026,5548.2
21356.6,5507.77
23544.8,4822.47
2443.59,11888.3
22653.8,8153.67
5731.23,5077.4
26604.6,21550.8
26122,7347.95
5713.39,16769.7
17059.6,2689.9
29709.3,26674.1
5356.75,26025.2
32341.3,31702.3
29876.8,10760.7
22451.2,30643.4
2398.05,17266.2
20612.4,840.298
14944.3,23083.8
16248.6,9923.98
12230.1,28527.1
10774.2,20361.9
8879.49,18923.7
15669.3,9393.65
32206.9,12865.8
5508.83,11145.3
19947.5,32648.8
22531.4,15376.7
607.881,29642.3
6791.33,17786.6
32156.5,26756.1
7226.84,25264.5
30114.5,19242.7
19993.5,16078
9355.63,27040.6
11124.2,18849.8
18690,3778.5
25202.4,15410.6
30402.4,28381.5
19594.1,27958.8
14115.6,25652.3
14090.2,30106.1
31113.5,31612.1
31636.9,9471.5
21490.8,20576.5
26781.4,17976.6
4970.32,14846
31212.3,13261.3
7318.26,18279.9
24865.8,15483.5
7213.55,3107.51
24107.2,22449.8
1914.11,15531.3
26576.1,10772.2
27868.9,6893.1
9258.75,23036.3
5190.12,13004.4
12580.2,13301.6
28607.6,26269.3
15617.7,7999.53
23523.5,19372.6
28373.4,25167.8
12384.3,22196.3
7946.64,14156.1
8314.4,22634.8
24540.3,12434.7
27527.3,18931.3
21981.5,27954.3
23923.8,26985
24691.2,7536.54
7998.31,9819.53
4693.32,22339.6
22393.8,24138.6
31249.1,15065.8
6861.39,26924.5
14985.1,26385.4
11380.6,30188.5
29553.6,15871.4
3773.13,14056
31186.2,31083.6
25484.7,24178.3
24715.5,3922.82
7384.54,27472.3
20683.6,26212.1
32044.8,17725.4
12952.5,23172.1
26662.6,10597.2
9547.51,4428.59
763.694,26348.9
18449.6,7814.28
9457.75,27496.3
21100.9,30900.2
6116.16,8034.16
31921,15752.1
10433.9,4825.85
14470.8,18029
2062.24,31168.5
14701.4,3324.62
31328.6,30843.3
19764.8,24455.5
22755.6,16485.8
1153.04,26003.7
25046,31821
11085.5,29781.8
22797.2,3316.76
4453.96,13117
30829.2,5521.65
8938.3,4200.54
12403.8,22605.3
20690.8,1323.05
14509.3,25288
18790,10896
28735.8,2706.33
194.404,7631.37
3680.28,14770.7
2392.41,13532.5
8922.87,2851.08
15468.4,730.872
26254.5,14162.5
12953.9,11424.2
23533.2,20641.3
